image,label
0002035.png,0002035.npy
0003035.png,0003035.npy
0004035.png,0004035.npy
0005035.png,0005035.npy
0006035.png,0006035.npy
0008035.png,0008035.npy
0009035.png,0009035.npy
0010035.png,0010035.npy
0011036.png,0011036.npy
0012036.png,0012036.npy
0013036.png,0013036.npy
0014036.png,0014036.npy
0016036.png,0016036.npy
0017036.png,0017036.npy
0018037.png,0018037.npy
0019037.png,0019037.npy
0020037.png,0020037.npy
0021037.png,0021037.npy
0022037.png,0022037.npy
0023037.png,0023037.npy
0024037.png,0024037.npy
0025037.png,0025037.npy
0027038.png,0027038.npy
0028038.png,0028038.npy
0029038.png,0029038.npy
0030038.png,0030038.npy
0034038.png,0034038.npy
0035038.png,0035038.npy
0036039.png,0036039.npy
0037039.png,0037039.npy
0038039.png,0038039.npy
0039039.png,0039039.npy
0040039.png,0040039.npy
0041039.png,0041039.npy
0042039.png,0042039.npy
0043039.png,0043039.npy
0044039.png,0044039.npy
0046040.png,0046040.npy
0047040.png,0047040.npy
0048040.png,0048040.npy
0050040.png,0050040.npy
0051040.png,0051040.npy
0052041.png,0052041.npy
0054041.png,0054041.npy
0055041.png,0055041.npy
0056041.png,0056041.npy
0058042.png,0058042.npy
0060042.png,0060042.npy
0061042.png,0061042.npy
0062042.png,0062042.npy
0063043.png,0063043.npy
0065043.png,0065043.npy
0066043.png,0066043.npy
0067043.png,0067043.npy
0068043.png,0068043.npy
0069043.png,0069043.npy
0070043.png,0070043.npy
0071043.png,0071043.npy
0072043.png,0072043.npy
0073044.png,0073044.npy
0075044.png,0075044.npy
0078045.png,0078045.npy
0079045.png,0079045.npy
0080046.png,0080046.npy
0082046.png,0082046.npy
0083047.png,0083047.npy
0084047.png,0084047.npy
0085047.png,0085047.npy
0086048.png,0086048.npy
0087048.png,0087048.npy
0088048.png,0088048.npy
0089049.png,0089049.npy
0090050.png,0090050.npy
0091050.png,0091050.npy
0092050.png,0092050.npy
0094051.png,0094051.npy
0095051.png,0095051.npy
0096052.png,0096052.npy
0097053.png,0097053.npy
0098053.png,0098053.npy
0099053.png,0099053.npy
0100053.png,0100053.npy
0101120.png,0101120.npy
0102120.png,0102120.npy
0105121.png,0105121.npy
0106121.png,0106121.npy
0107122.png,0107122.npy
0108122.png,0108122.npy
0110122.png,0110122.npy
0111122.png,0111122.npy
0115123.png,0115123.npy
0116123.png,0116123.npy
0117123.png,0117123.npy
0118123.png,0118123.npy
0119123.png,0119123.npy
0120124.png,0120124.npy
0121124.png,0121124.npy
0123124.png,0123124.npy
0124124.png,0124124.npy
0126124.png,0126124.npy
0127124.png,0127124.npy
0128124.png,0128124.npy
0129124.png,0129124.npy
0130125.png,0130125.npy
0131125.png,0131125.npy
0133125.png,0133125.npy
0134125.png,0134125.npy
0135125.png,0135125.npy
0136125.png,0136125.npy
0137125.png,0137125.npy
0138125.png,0138125.npy
0140125.png,0140125.npy
0141125.png,0141125.npy
0142125.png,0142125.npy
0143125.png,0143125.npy
0144125.png,0144125.npy
0145125.png,0145125.npy
0146125.png,0146125.npy
0147125.png,0147125.npy
0148125.png,0148125.npy
0149125.png,0149125.npy
0150125.png,0150125.npy
0151125.png,0151125.npy
0152125.png,0152125.npy
0154125.png,0154125.npy
0155125.png,0155125.npy
0156125.png,0156125.npy
0158126.png,0158126.npy
0159126.png,0159126.npy
0160126.png,0160126.npy
0161126.png,0161126.npy
0162126.png,0162126.npy
0163126.png,0163126.npy
0164126.png,0164126.npy
0165126.png,0165126.npy
0166126.png,0166126.npy
0167126.png,0167126.npy
0168126.png,0168126.npy
0169126.png,0169126.npy
0170126.png,0170126.npy
0172126.png,0172126.npy
0173126.png,0173126.npy
0176126.png,0176126.npy
0177126.png,0177126.npy
0178126.png,0178126.npy
0180126.png,0180126.npy
0182126.png,0182126.npy
0183127.png,0183127.npy
0185127.png,0185127.npy
0186127.png,0186127.npy
0187127.png,0187127.npy
0188127.png,0188127.npy
0190127.png,0190127.npy
0191127.png,0191127.npy
0192127.png,0192127.npy
0193127.png,0193127.npy
0194127.png,0194127.npy
0196127.png,0196127.npy
0197127.png,0197127.npy
0198127.png,0198127.npy
0200127.png,0200127.npy
0201127.png,0201127.npy
0202127.png,0202127.npy
0203127.png,0203127.npy
0204127.png,0204127.npy
0205127.png,0205127.npy
0207127.png,0207127.npy
0208127.png,0208127.npy
0211127.png,0211127.npy
0213127.png,0213127.npy
0214127.png,0214127.npy
0215127.png,0215127.npy
0216127.png,0216127.npy
0217127.png,0217127.npy
0219127.png,0219127.npy
0220127.png,0220127.npy
0222128.png,0222128.npy
0224128.png,0224128.npy
0225128.png,0225128.npy
0226128.png,0226128.npy
0227128.png,0227128.npy
0228128.png,0228128.npy
0229128.png,0229128.npy
0231128.png,0231128.npy
0232128.png,0232128.npy
0233128.png,0233128.npy
0234128.png,0234128.npy
0235128.png,0235128.npy
0236128.png,0236128.npy
0237128.png,0237128.npy
0238128.png,0238128.npy
0239128.png,0239128.npy
0240128.png,0240128.npy
0241128.png,0241128.npy
0242128.png,0242128.npy
0243128.png,0243128.npy
0244128.png,0244128.npy
0245128.png,0245128.npy
0247128.png,0247128.npy
0249128.png,0249128.npy
0250128.png,0250128.npy
0251129.png,0251129.npy
0252129.png,0252129.npy
0253129.png,0253129.npy
0254129.png,0254129.npy
0255129.png,0255129.npy
0256129.png,0256129.npy
0259129.png,0259129.npy
0261129.png,0261129.npy
0262129.png,0262129.npy
0263129.png,0263129.npy
0265129.png,0265129.npy
0266129.png,0266129.npy
0269129.png,0269129.npy
0270129.png,0270129.npy
0272129.png,0272129.npy
0274129.png,0274129.npy
0275129.png,0275129.npy
0276129.png,0276129.npy
0278129.png,0278129.npy
0280129.png,0280129.npy
0281130.png,0281130.npy
0282130.png,0282130.npy
0283130.png,0283130.npy
0284130.png,0284130.npy
0285130.png,0285130.npy
0286130.png,0286130.npy
0288130.png,0288130.npy
0289130.png,0289130.npy
0291130.png,0291130.npy
0292130.png,0292130.npy
0293130.png,0293130.npy
0295130.png,0295130.npy
0297130.png,0297130.npy
0298130.png,0298130.npy
0299130.png,0299130.npy
0301130.png,0301130.npy
0302130.png,0302130.npy
0303130.png,0303130.npy
0304130.png,0304130.npy
0305130.png,0305130.npy
0307131.png,0307131.npy
0308131.png,0308131.npy
0309131.png,0309131.npy
0311131.png,0311131.npy
0312131.png,0312131.npy
0313131.png,0313131.npy
0314131.png,0314131.npy
0316133.png,0316133.npy
0317133.png,0317133.npy
0318133.png,0318133.npy
0319133.png,0319133.npy
0320133.png,0320133.npy
0321133.png,0321133.npy
0323133.png,0323133.npy
0324133.png,0324133.npy
0327133.png,0327133.npy
0328133.png,0328133.npy
0330133.png,0330133.npy
0334133.png,0334133.npy
0335133.png,0335133.npy
0336133.png,0336133.npy
0338133.png,0338133.npy
0339133.png,0339133.npy
0340133.png,0340133.npy
0341133.png,0341133.npy
0342133.png,0342133.npy
0344133.png,0344133.npy
0345133.png,0345133.npy
0346133.png,0346133.npy
0348131.png,0348131.npy
0349131.png,0349131.npy
0350131.png,0350131.npy
0351131.png,0351131.npy
0352131.png,0352131.npy
0353131.png,0353131.npy
0355131.png,0355131.npy
0356131.png,0356131.npy
0358131.png,0358131.npy
0360131.png,0360131.npy
0362131.png,0362131.npy
0363131.png,0363131.npy
0364132.png,0364132.npy
0365132.png,0365132.npy
0366132.png,0366132.npy
0367132.png,0367132.npy
0368132.png,0368132.npy
0370132.png,0370132.npy
0371132.png,0371132.npy
0372132.png,0372132.npy
0373132.png,0373132.npy
0374132.png,0374132.npy
0375132.png,0375132.npy
0376132.png,0376132.npy
0377132.png,0377132.npy
0378132.png,0378132.npy
0379132.png,0379132.npy
0380132.png,0380132.npy
0381132.png,0381132.npy
0384135.png,0384135.npy
0385135.png,0385135.npy
0386135.png,0386135.npy
0388135.png,0388135.npy
0389135.png,0389135.npy
0390135.png,0390135.npy
0391135.png,0391135.npy
0392135.png,0392135.npy
0393135.png,0393135.npy
0394135.png,0394135.npy
0395135.png,0395135.npy
0396135.png,0396135.npy
0398135.png,0398135.npy
0399135.png,0399135.npy
0400135.png,0400135.npy
0401135.png,0401135.npy
0402135.png,0402135.npy
0404135.png,0404135.npy
0405135.png,0405135.npy
0406135.png,0406135.npy
0407136.png,0407136.npy
0408136.png,0408136.npy
0410136.png,0410136.npy
0411136.png,0411136.npy
0413136.png,0413136.npy
0415134.png,0415134.npy
0416134.png,0416134.npy
0417134.png,0417134.npy
0418134.png,0418134.npy
0420134.png,0420134.npy
0422134.png,0422134.npy
0423134.png,0423134.npy
0424134.png,0424134.npy
0425134.png,0425134.npy
0426134.png,0426134.npy
0427134.png,0427134.npy
0428134.png,0428134.npy
0429134.png,0429134.npy
0430134.png,0430134.npy
0432134.png,0432134.npy
0435134.png,0435134.npy
0436134.png,0436134.npy
0439134.png,0439134.npy
0441134.png,0441134.npy
0442134.png,0442134.npy
0444134.png,0444134.npy
0445134.png,0445134.npy
0447134.png,0447134.npy
0448135.png,0448135.npy
0449137.png,0449137.npy
0451137.png,0451137.npy
0452137.png,0452137.npy
0454137.png,0454137.npy
0455137.png,0455137.npy
0456137.png,0456137.npy
0457137.png,0457137.npy
0458137.png,0458137.npy
0459137.png,0459137.npy
0460138.png,0460138.npy
0461138.png,0461138.npy
0463138.png,0463138.npy
0464138.png,0464138.npy
0465138.png,0465138.npy
0466138.png,0466138.npy
0467138.png,0467138.npy
0468138.png,0468138.npy
0469138.png,0469138.npy
0470138.png,0470138.npy
0471138.png,0471138.npy
0472138.png,0472138.npy
0473138.png,0473138.npy
0474138.png,0474138.npy
0475138.png,0475138.npy
0476138.png,0476138.npy
0477138.png,0477138.npy
0478138.png,0478138.npy
0479138.png,0479138.npy
0481138.png,0481138.npy
0482138.png,0482138.npy
0483138.png,0483138.npy
0484136.png,0484136.npy
0485136.png,0485136.npy
0486136.png,0486136.npy
0487136.png,0487136.npy
0488136.png,0488136.npy
0489136.png,0489136.npy
0490136.png,0490136.npy
0492136.png,0492136.npy
0493136.png,0493136.npy
0494136.png,0494136.npy
0497136.png,0497136.npy
0498136.png,0498136.npy
0500137.png,0500137.npy
0501137.png,0501137.npy
0502137.png,0502137.npy
0503137.png,0503137.npy
0504137.png,0504137.npy
0505137.png,0505137.npy
0506137.png,0506137.npy
0510137.png,0510137.npy
0511137.png,0511137.npy
0512137.png,0512137.npy
0513137.png,0513137.npy
0514137.png,0514137.npy
0515137.png,0515137.npy
0516137.png,0516137.npy
0517140.png,0517140.npy
0518140.png,0518140.npy
0520140.png,0520140.npy
0521140.png,0521140.npy
0522140.png,0522140.npy
0523140.png,0523140.npy
0524140.png,0524140.npy
0525140.png,0525140.npy
0526140.png,0526140.npy
0527140.png,0527140.npy
0528140.png,0528140.npy
0529140.png,0529140.npy
0530140.png,0530140.npy
0531140.png,0531140.npy
0532140.png,0532140.npy
0533140.png,0533140.npy
0534140.png,0534140.npy
0535140.png,0535140.npy
0537141.png,0537141.npy
0538141.png,0538141.npy
0539141.png,0539141.npy
0540141.png,0540141.npy
0542141.png,0542141.npy
0543141.png,0543141.npy
0545141.png,0545141.npy
0546141.png,0546141.npy
0547141.png,0547141.npy
0548141.png,0548141.npy
0549138.png,0549138.npy
0550138.png,0550138.npy
0551138.png,0551138.npy
0553138.png,0553138.npy
0554138.png,0554138.npy
0556138.png,0556138.npy
0557138.png,0557138.npy
0559139.png,0559139.npy
0560139.png,0560139.npy
0561139.png,0561139.npy
0562139.png,0562139.npy
0563139.png,0563139.npy
0564139.png,0564139.npy
0567139.png,0567139.npy
0568139.png,0568139.npy
0569139.png,0569139.npy
0570139.png,0570139.npy
0571139.png,0571139.npy
0572139.png,0572139.npy
0573139.png,0573139.npy
0575139.png,0575139.npy
0576139.png,0576139.npy
0578139.png,0578139.npy
0580140.png,0580140.npy
0581140.png,0581140.npy
0582140.png,0582140.npy
0583140.png,0583140.npy
0584140.png,0584140.npy
0585140.png,0585140.npy
0586143.png,0586143.npy
0587143.png,0587143.npy
0588143.png,0588143.npy
0589143.png,0589143.npy
0590143.png,0590143.npy
0591143.png,0591143.npy
0592143.png,0592143.npy
0593143.png,0593143.npy
0594143.png,0594143.npy
0595143.png,0595143.npy
0596144.png,0596144.npy
0597144.png,0597144.npy
0598144.png,0598144.npy
0599144.png,0599144.npy
0600144.png,0600144.npy
0601144.png,0601144.npy
0602144.png,0602144.npy
0603144.png,0603144.npy
0604145.png,0604145.npy
0606145.png,0606145.npy
0607145.png,0607145.npy
0608145.png,0608145.npy
0609145.png,0609145.npy
0610145.png,0610145.npy
0611145.png,0611145.npy
0613145.png,0613145.npy
0614145.png,0614145.npy
0615141.png,0615141.npy
0617141.png,0617141.npy
0618142.png,0618142.npy
0620142.png,0620142.npy
0622142.png,0622142.npy
0624142.png,0624142.npy
0625142.png,0625142.npy
0626142.png,0626142.npy
0627142.png,0627142.npy
0629142.png,0629142.npy
0630142.png,0630142.npy
0631142.png,0631142.npy
0632142.png,0632142.npy
0633142.png,0633142.npy
0634142.png,0634142.npy
0635142.png,0635142.npy
0636142.png,0636142.npy
0637142.png,0637142.npy
0638143.png,0638143.npy
0639143.png,0639143.npy
0640143.png,0640143.npy
0641143.png,0641143.npy
0642143.png,0642143.npy
0643143.png,0643143.npy
0645143.png,0645143.npy
0646143.png,0646143.npy
0647148.png,0647148.npy
0650149.png,0650149.npy
0652149.png,0652149.npy
0654149.png,0654149.npy
0656149.png,0656149.npy
0657149.png,0657149.npy
0658149.png,0658149.npy
0660149.png,0660149.npy
0662149.png,0662149.npy
0663149.png,0663149.npy
0664149.png,0664149.npy
0665149.png,0665149.npy
0667150.png,0667150.npy
0668150.png,0668150.npy
0669150.png,0669150.npy
0670150.png,0670150.npy
0671150.png,0671150.npy
0672150.png,0672150.npy
0673150.png,0673150.npy
0674150.png,0674150.npy
0675150.png,0675150.npy
0676150.png,0676150.npy
0677150.png,0677150.npy
0678150.png,0678150.npy
0682145.png,0682145.npy
0684145.png,0684145.npy
0685146.png,0685146.npy
0686146.png,0686146.npy
0687146.png,0687146.npy
0688146.png,0688146.npy
0689146.png,0689146.npy
0690146.png,0690146.npy
0692146.png,0692146.npy
0693146.png,0693146.npy
0694146.png,0694146.npy
0695146.png,0695146.npy
0697146.png,0697146.npy
0698147.png,0698147.npy
0699147.png,0699147.npy
0700147.png,0700147.npy
0702147.png,0702147.npy
0703147.png,0703147.npy
0704148.png,0704148.npy
0705148.png,0705148.npy
0706148.png,0706148.npy
0707148.png,0707148.npy
0708148.png,0708148.npy
0710148.png,0710148.npy
0711152.png,0711152.npy
0712153.png,0712153.npy
0714153.png,0714153.npy
0715153.png,0715153.npy
0716153.png,0716153.npy
0717153.png,0717153.npy
0718153.png,0718153.npy
0719153.png,0719153.npy
0720153.png,0720153.npy
0721153.png,0721153.npy
0722153.png,0722153.npy
0723153.png,0723153.npy
0724153.png,0724153.npy
0725153.png,0725153.npy
0727153.png,0727153.npy
0729154.png,0729154.npy
0731154.png,0731154.npy
0732154.png,0732154.npy
0733154.png,0733154.npy
0734155.png,0734155.npy
0735155.png,0735155.npy
0736155.png,0736155.npy
0738155.png,0738155.npy
0739155.png,0739155.npy
0740155.png,0740155.npy
0741155.png,0741155.npy
0742155.png,0742155.npy
0743155.png,0743155.npy
0744155.png,0744155.npy
0746151.png,0746151.npy
0747151.png,0747151.npy
0748151.png,0748151.npy
0750151.png,0750151.npy
0751151.png,0751151.npy
0752151.png,0752151.npy
0754151.png,0754151.npy
0755151.png,0755151.npy
0757151.png,0757151.npy
0758151.png,0758151.npy
0759151.png,0759151.npy
0760151.png,0760151.npy
0761151.png,0761151.npy
0763152.png,0763152.npy
0764152.png,0764152.npy
0765152.png,0765152.npy
0766152.png,0766152.npy
0767152.png,0767152.npy
0768152.png,0768152.npy
0769152.png,0769152.npy
0770152.png,0770152.npy
0771152.png,0771152.npy
0772152.png,0772152.npy
0773152.png,0773152.npy
0774159.png,0774159.npy
0775159.png,0775159.npy
0776160.png,0776160.npy
0777160.png,0777160.npy
0778160.png,0778160.npy
0779161.png,0779161.npy
0780161.png,0780161.npy
0781161.png,0781161.npy
0782161.png,0782161.npy
0783161.png,0783161.npy
0785163.png,0785163.npy
0787163.png,0787163.npy
0788163.png,0788163.npy
0789163.png,0789163.npy
0792156.png,0792156.npy
0793156.png,0793156.npy
0794156.png,0794156.npy
0795157.png,0795157.npy
0796157.png,0796157.npy
0798157.png,0798157.npy
0799157.png,0799157.npy
0800157.png,0800157.npy
0801157.png,0801157.npy
0803158.png,0803158.npy
0805158.png,0805158.npy
0806158.png,0806158.npy
0807158.png,0807158.npy
0808158.png,0808158.npy
0809158.png,0809158.npy
0811158.png,0811158.npy
0812158.png,0812158.npy
0813158.png,0813158.npy
0814158.png,0814158.npy
0815159.png,0815159.npy
0816159.png,0816159.npy
0820167.png,0820167.npy
0821167.png,0821167.npy
0822167.png,0822167.npy
0823167.png,0823167.npy
0824167.png,0824167.npy
0825167.png,0825167.npy
0826167.png,0826167.npy
0827167.png,0827167.npy
0828167.png,0828167.npy
0829167.png,0829167.npy
0830168.png,0830168.npy
0831168.png,0831168.npy
0832168.png,0832168.npy
0833168.png,0833168.npy
0834168.png,0834168.npy
0835169.png,0835169.npy
0837169.png,0837169.npy
0838169.png,0838169.npy
0839169.png,0839169.npy
0840170.png,0840170.npy
0841170.png,0841170.npy
0842170.png,0842170.npy
0843170.png,0843170.npy
0845171.png,0845171.npy
0846171.png,0846171.npy
0847163.png,0847163.npy
0848164.png,0848164.npy
0849164.png,0849164.npy
0850164.png,0850164.npy
0851164.png,0851164.npy
0852164.png,0852164.npy
0853164.png,0853164.npy
0854164.png,0854164.npy
0855164.png,0855164.npy
0856164.png,0856164.npy
0857164.png,0857164.npy
0859165.png,0859165.npy
0860165.png,0860165.npy
0861165.png,0861165.npy
0862165.png,0862165.npy
0864165.png,0864165.npy
0868165.png,0868165.npy
0869165.png,0869165.npy
0871166.png,0871166.npy
0873166.png,0873166.npy
0874166.png,0874166.npy
0875166.png,0875166.npy
0876166.png,0876166.npy
0877166.png,0877166.npy
0878166.png,0878166.npy
0879167.png,0879167.npy
0880169.png,0880169.npy
0881170.png,0881170.npy
0882170.png,0882170.npy
0883170.png,0883170.npy
0884170.png,0884170.npy
0885170.png,0885170.npy
0886171.png,0886171.npy
0887171.png,0887171.npy
0888172.png,0888172.npy
0890172.png,0890172.npy
0891173.png,0891173.npy
0892173.png,0892173.npy
0893173.png,0893173.npy
0894174.png,0894174.npy
0895174.png,0895174.npy
0896176.png,0896176.npy
0897176.png,0897176.npy
0899181.png,0899181.npy
0900020.png,0900020.npy
0901020.png,0901020.npy
0902020.png,0902020.npy
0903020.png,0903020.npy
0905020.png,0905020.npy
0906020.png,0906020.npy
0907021.png,0907021.npy
0908021.png,0908021.npy
0910021.png,0910021.npy
0912022.png,0912022.npy
0914022.png,0914022.npy
0915022.png,0915022.npy
0916022.png,0916022.npy
0917022.png,0917022.npy
0918022.png,0918022.npy
0919022.png,0919022.npy
0920023.png,0920023.npy
0921023.png,0921023.npy
0922023.png,0922023.npy
0923023.png,0923023.npy
0924023.png,0924023.npy
0925023.png,0925023.npy
0927023.png,0927023.npy
0928023.png,0928023.npy
0929023.png,0929023.npy
0930023.png,0930023.npy
0931023.png,0931023.npy
0932023.png,0932023.npy
0934023.png,0934023.npy
0935024.png,0935024.npy
0936024.png,0936024.npy
0937024.png,0937024.npy
0939024.png,0939024.npy
0940024.png,0940024.npy
0941024.png,0941024.npy
0943024.png,0943024.npy
0944024.png,0944024.npy
0945024.png,0945024.npy
0947024.png,0947024.npy
0948024.png,0948024.npy
0949024.png,0949024.npy
0950024.png,0950024.npy
0951024.png,0951024.npy
0952181.png,0952181.npy
0953182.png,0953182.npy
0954182.png,0954182.npy
0955182.png,0955182.npy
0956183.png,0956183.npy
0957024.png,0957024.npy
0958024.png,0958024.npy
0960024.png,0960024.npy
0962024.png,0962024.npy
0963025.png,0963025.npy
0964025.png,0964025.npy
0965025.png,0965025.npy
0966025.png,0966025.npy
0967025.png,0967025.npy
0968025.png,0968025.npy
0969025.png,0969025.npy
0970025.png,0970025.npy
0971025.png,0971025.npy
0972025.png,0972025.npy
0973025.png,0973025.npy
0974025.png,0974025.npy
0975025.png,0975025.npy
0976025.png,0976025.npy
0978025.png,0978025.npy
0980025.png,0980025.npy
0981025.png,0981025.npy
0982025.png,0982025.npy
0983025.png,0983025.npy
0984025.png,0984025.npy
0985026.png,0985026.npy
0986026.png,0986026.npy
0987026.png,0987026.npy
0988026.png,0988026.npy
0989026.png,0989026.npy
0990026.png,0990026.npy
0992026.png,0992026.npy
0993026.png,0993026.npy
0994026.png,0994026.npy
0995026.png,0995026.npy
0996026.png,0996026.npy
0997026.png,0997026.npy
0998026.png,0998026.npy
0999026.png,0999026.npy
1000026.png,1000026.npy
1001026.png,1001026.npy
1002026.png,1002026.npy
1003026.png,1003026.npy
1005026.png,1005026.npy
1006026.png,1006026.npy
1008026.png,1008026.npy
1009026.png,1009026.npy
1010026.png,1010026.npy
1011026.png,1011026.npy
1012026.png,1012026.npy
1013026.png,1013026.npy
1014026.png,1014026.npy
1015026.png,1015026.npy
1016026.png,1016026.npy
1017027.png,1017027.npy
1019027.png,1019027.npy
1020027.png,1020027.npy
1021027.png,1021027.npy
1022027.png,1022027.npy
1025027.png,1025027.npy
1026027.png,1026027.npy
1027027.png,1027027.npy
1029027.png,1029027.npy
1030027.png,1030027.npy
1031027.png,1031027.npy
1032027.png,1032027.npy
1033027.png,1033027.npy
1035027.png,1035027.npy
1036027.png,1036027.npy
1037027.png,1037027.npy
1038027.png,1038027.npy
1039027.png,1039027.npy
1040027.png,1040027.npy
1041027.png,1041027.npy
1042027.png,1042027.npy
1044027.png,1044027.npy
1045027.png,1045027.npy
1046027.png,1046027.npy
1048027.png,1048027.npy
1049027.png,1049027.npy
1050027.png,1050027.npy
1051028.png,1051028.npy
1053028.png,1053028.npy
1054028.png,1054028.npy
1055028.png,1055028.npy
1056028.png,1056028.npy
1057028.png,1057028.npy
1058028.png,1058028.npy
1059028.png,1059028.npy
1060028.png,1060028.npy
1061028.png,1061028.npy
1062028.png,1062028.npy
1063028.png,1063028.npy
1064028.png,1064028.npy
1066028.png,1066028.npy
1067028.png,1067028.npy
1068028.png,1068028.npy
1070028.png,1070028.npy
1071028.png,1071028.npy
1073028.png,1073028.npy
1074028.png,1074028.npy
1075028.png,1075028.npy
1077028.png,1077028.npy
1078028.png,1078028.npy
1079028.png,1079028.npy
1080028.png,1080028.npy
1081028.png,1081028.npy
1082028.png,1082028.npy
1083028.png,1083028.npy
1084028.png,1084028.npy
1085028.png,1085028.npy
1086028.png,1086028.npy
1087029.png,1087029.npy
1088029.png,1088029.npy
1090029.png,1090029.npy
1091029.png,1091029.npy
1092029.png,1092029.npy
1093029.png,1093029.npy
1094029.png,1094029.npy
1095029.png,1095029.npy
1097029.png,1097029.npy
1099029.png,1099029.npy
1100154.png,1100154.npy
1101028.png,1101028.npy
1102029.png,1102029.npy
1106029.png,1106029.npy
1108029.png,1108029.npy
1109029.png,1109029.npy
1110029.png,1110029.npy
1112029.png,1112029.npy
1113029.png,1113029.npy
1116030.png,1116030.npy
1118030.png,1118030.npy
1119030.png,1119030.npy
1121030.png,1121030.npy
1122030.png,1122030.npy
1123030.png,1123030.npy
1125030.png,1125030.npy
1126030.png,1126030.npy
1128030.png,1128030.npy
1129030.png,1129030.npy
1130030.png,1130030.npy
1132030.png,1132030.npy
1133030.png,1133030.npy
1134030.png,1134030.npy
1135030.png,1135030.npy
1136030.png,1136030.npy
1137030.png,1137030.npy
1138030.png,1138030.npy
1139030.png,1139030.npy
1140030.png,1140030.npy
1141030.png,1141030.npy
1142030.png,1142030.npy
1143030.png,1143030.npy
1144030.png,1144030.npy
1145030.png,1145030.npy
1146030.png,1146030.npy
1148030.png,1148030.npy
1149030.png,1149030.npy
1150030.png,1150030.npy
1151030.png,1151030.npy
1153030.png,1153030.npy
1154031.png,1154031.npy
1155031.png,1155031.npy
1156031.png,1156031.npy
1157031.png,1157031.npy
1159031.png,1159031.npy
1161031.png,1161031.npy
1165031.png,1165031.npy
1166031.png,1166031.npy
1167031.png,1167031.npy
1168031.png,1168031.npy
1169031.png,1169031.npy
1170031.png,1170031.npy
1171031.png,1171031.npy
1172032.png,1172032.npy
1174032.png,1174032.npy
1176032.png,1176032.npy
1178032.png,1178032.npy
1180032.png,1180032.npy
1183032.png,1183032.npy
1185032.png,1185032.npy
1188032.png,1188032.npy
1191032.png,1191032.npy
1192032.png,1192032.npy
1193032.png,1193032.npy
1194032.png,1194032.npy
1195032.png,1195032.npy
1196032.png,1196032.npy
1198032.png,1198032.npy
1199032.png,1199032.npy
1200032.png,1200032.npy
1201032.png,1201032.npy
1202032.png,1202032.npy
1203032.png,1203032.npy
1204032.png,1204032.npy
1205032.png,1205032.npy
1206032.png,1206032.npy
1207032.png,1207032.npy
1209032.png,1209032.npy
1210032.png,1210032.npy
1211032.png,1211032.npy
1213032.png,1213032.npy
1215033.png,1215033.npy
1216033.png,1216033.npy
1218033.png,1218033.npy
1219033.png,1219033.npy
1220033.png,1220033.npy
1221033.png,1221033.npy
1222033.png,1222033.npy
1224033.png,1224033.npy
1227033.png,1227033.npy
1230033.png,1230033.npy
1231033.png,1231033.npy
1232033.png,1232033.npy
1233033.png,1233033.npy
1234033.png,1234033.npy
1235033.png,1235033.npy
1236033.png,1236033.npy
1240033.png,1240033.npy
1241033.png,1241033.npy
1242033.png,1242033.npy
1243033.png,1243033.npy
1244033.png,1244033.npy
1245033.png,1245033.npy
1246033.png,1246033.npy
1247033.png,1247033.npy
1248033.png,1248033.npy
1249033.png,1249033.npy
1250033.png,1250033.npy
1251033.png,1251033.npy
1252033.png,1252033.npy
1253033.png,1253033.npy
1254033.png,1254033.npy
1255033.png,1255033.npy
1256034.png,1256034.npy
1257034.png,1257034.npy
1259034.png,1259034.npy
1260034.png,1260034.npy
1261034.png,1261034.npy
1262034.png,1262034.npy
1263034.png,1263034.npy
1266034.png,1266034.npy
1267034.png,1267034.npy
1268034.png,1268034.npy
1269034.png,1269034.npy
1270034.png,1270034.npy
1271034.png,1271034.npy
1272034.png,1272034.npy
1273034.png,1273034.npy
1274034.png,1274034.npy
1275034.png,1275034.npy
1276034.png,1276034.npy
1277034.png,1277034.npy
1278034.png,1278034.npy
1280034.png,1280034.npy
1281034.png,1281034.npy
1282034.png,1282034.npy
1283034.png,1283034.npy
1284034.png,1284034.npy
1285034.png,1285034.npy
1286034.png,1286034.npy
1287034.png,1287034.npy
1288034.png,1288034.npy
1291034.png,1291034.npy
1292034.png,1292034.npy
1293034.png,1293034.npy
1294034.png,1294034.npy
1295034.png,1295034.npy
1296034.png,1296034.npy
1297034.png,1297034.npy
1298034.png,1298034.npy
1299034.png,1299034.npy
1301034.png,1301034.npy
1302034.png,1302034.npy
1304034.png,1304034.npy
1305034.png,1305034.npy
1306035.png,1306035.npy
1307035.png,1307035.npy
1308035.png,1308035.npy
1309035.png,1309035.npy
1311035.png,1311035.npy
1312035.png,1312035.npy
1313035.png,1313035.npy
1315035.png,1315035.npy
1317035.png,1317035.npy
1318035.png,1318035.npy
1319035.png,1319035.npy
1320035.png,1320035.npy
1321035.png,1321035.npy
1323035.png,1323035.npy
1324035.png,1324035.npy
1325035.png,1325035.npy
1326035.png,1326035.npy
1327035.png,1327035.npy
1328035.png,1328035.npy
1329035.png,1329035.npy
1330035.png,1330035.npy
1331035.png,1331035.npy
1332035.png,1332035.npy
1333035.png,1333035.npy
1334035.png,1334035.npy
1336035.png,1336035.npy
1337035.png,1337035.npy
1338035.png,1338035.npy
1339035.png,1339035.npy
1340035.png,1340035.npy
1341035.png,1341035.npy
1342035.png,1342035.npy
1343035.png,1343035.npy
1344035.png,1344035.npy
1345035.png,1345035.npy
1346035.png,1346035.npy
1347035.png,1347035.npy
1348035.png,1348035.npy
1349036.png,1349036.npy
1350036.png,1350036.npy
1351036.png,1351036.npy
1352036.png,1352036.npy
1353036.png,1353036.npy
1354036.png,1354036.npy
1355036.png,1355036.npy
1356036.png,1356036.npy
1358036.png,1358036.npy
1359036.png,1359036.npy
1360036.png,1360036.npy
1361036.png,1361036.npy
1362036.png,1362036.npy
1363036.png,1363036.npy
1364036.png,1364036.npy
1365036.png,1365036.npy
1366036.png,1366036.npy
1368036.png,1368036.npy
1369036.png,1369036.npy
1370036.png,1370036.npy
1371036.png,1371036.npy
1372036.png,1372036.npy
1373036.png,1373036.npy
1374036.png,1374036.npy
1375036.png,1375036.npy
1376036.png,1376036.npy
1377036.png,1377036.npy
1378036.png,1378036.npy
1380036.png,1380036.npy
1381036.png,1381036.npy
1382036.png,1382036.npy
1383036.png,1383036.npy
1384037.png,1384037.npy
1385037.png,1385037.npy
1386037.png,1386037.npy
1387037.png,1387037.npy
1388037.png,1388037.npy
1389037.png,1389037.npy
1390037.png,1390037.npy
1391037.png,1391037.npy
1395037.png,1395037.npy
1396037.png,1396037.npy
1397037.png,1397037.npy
1398037.png,1398037.npy
1399037.png,1399037.npy
1400037.png,1400037.npy
1402037.png,1402037.npy
1404037.png,1404037.npy
1405037.png,1405037.npy
1406037.png,1406037.npy
1407037.png,1407037.npy
1409037.png,1409037.npy
1410037.png,1410037.npy
1411038.png,1411038.npy
1413038.png,1413038.npy
1415038.png,1415038.npy
1416038.png,1416038.npy
1417038.png,1417038.npy
1418038.png,1418038.npy
1419038.png,1419038.npy
1420038.png,1420038.npy
1421038.png,1421038.npy
1422038.png,1422038.npy
1423038.png,1423038.npy
1424038.png,1424038.npy
1428038.png,1428038.npy
1429038.png,1429038.npy
1431038.png,1431038.npy
1432038.png,1432038.npy
1433039.png,1433039.npy
1435039.png,1435039.npy
1436039.png,1436039.npy
1438039.png,1438039.npy
1440039.png,1440039.npy
1441039.png,1441039.npy
1442039.png,1442039.npy
1443039.png,1443039.npy
1444039.png,1444039.npy
1445039.png,1445039.npy
1446039.png,1446039.npy
1447039.png,1447039.npy
1448039.png,1448039.npy
1450039.png,1450039.npy
1451039.png,1451039.npy
1452039.png,1452039.npy
1453039.png,1453039.npy
1454039.png,1454039.npy
1457039.png,1457039.npy
1458039.png,1458039.npy
1459039.png,1459039.npy
1460039.png,1460039.npy
1461039.png,1461039.npy
1463039.png,1463039.npy
1464039.png,1464039.npy
1465039.png,1465039.npy
1466039.png,1466039.npy
1467039.png,1467039.npy
1470040.png,1470040.npy
1471040.png,1471040.npy
1472040.png,1472040.npy
1473040.png,1473040.npy
1474040.png,1474040.npy
1476040.png,1476040.npy
1478040.png,1478040.npy
1479040.png,1479040.npy
1480040.png,1480040.npy
1481040.png,1481040.npy
1482040.png,1482040.npy
1483040.png,1483040.npy
1485040.png,1485040.npy
1486040.png,1486040.npy
1487040.png,1487040.npy
1488040.png,1488040.npy
1490040.png,1490040.npy
1492040.png,1492040.npy
1493040.png,1493040.npy
1494040.png,1494040.npy
1495040.png,1495040.npy
1496040.png,1496040.npy
1497040.png,1497040.npy
1498040.png,1498040.npy
1501040.png,1501040.npy
1502040.png,1502040.npy
1505040.png,1505040.npy
1507040.png,1507040.npy
1508040.png,1508040.npy
1509041.png,1509041.npy
1512041.png,1512041.npy
1514041.png,1514041.npy
1517041.png,1517041.npy
1518041.png,1518041.npy
1519041.png,1519041.npy
1521041.png,1521041.npy
1522041.png,1522041.npy
1524041.png,1524041.npy
1525041.png,1525041.npy
1526041.png,1526041.npy
1527041.png,1527041.npy
1528041.png,1528041.npy
1529041.png,1529041.npy
1530041.png,1530041.npy
1531041.png,1531041.npy
1532041.png,1532041.npy
1533041.png,1533041.npy
1534041.png,1534041.npy
1535041.png,1535041.npy
1536041.png,1536041.npy
1537042.png,1537042.npy
1538042.png,1538042.npy
1540042.png,1540042.npy
1541042.png,1541042.npy
1542042.png,1542042.npy
1543042.png,1543042.npy
1544042.png,1544042.npy
1545042.png,1545042.npy
1546042.png,1546042.npy
1547042.png,1547042.npy
1548042.png,1548042.npy
1549042.png,1549042.npy
1550042.png,1550042.npy
1551042.png,1551042.npy
1552042.png,1552042.npy
1554042.png,1554042.npy
1556042.png,1556042.npy
1560042.png,1560042.npy
1561042.png,1561042.npy
1562042.png,1562042.npy
1563042.png,1563042.npy
1565042.png,1565042.npy
1566042.png,1566042.npy
1567042.png,1567042.npy
1568042.png,1568042.npy
1569042.png,1569042.npy
1570042.png,1570042.npy
1571043.png,1571043.npy
1572043.png,1572043.npy
1574043.png,1574043.npy
1575043.png,1575043.npy
1576043.png,1576043.npy
1577043.png,1577043.npy
1578043.png,1578043.npy
1579043.png,1579043.npy
1580043.png,1580043.npy
1582043.png,1582043.npy
1583043.png,1583043.npy
1584043.png,1584043.npy
1585043.png,1585043.npy
1586043.png,1586043.npy
1588043.png,1588043.npy
1589043.png,1589043.npy
1590044.png,1590044.npy
1591044.png,1591044.npy
1592044.png,1592044.npy
1593044.png,1593044.npy
1594044.png,1594044.npy
1595044.png,1595044.npy
1596044.png,1596044.npy
1597044.png,1597044.npy
1598044.png,1598044.npy
1599044.png,1599044.npy
1600044.png,1600044.npy
1601044.png,1601044.npy
1602044.png,1602044.npy
1603044.png,1603044.npy
1604044.png,1604044.npy
1605044.png,1605044.npy
1606044.png,1606044.npy
1607044.png,1607044.npy
1608045.png,1608045.npy
1609045.png,1609045.npy
1610045.png,1610045.npy
1611045.png,1611045.npy
1614045.png,1614045.npy
1615045.png,1615045.npy
1618045.png,1618045.npy
1620045.png,1620045.npy
1623045.png,1623045.npy
1624045.png,1624045.npy
1625045.png,1625045.npy
1626045.png,1626045.npy
1627045.png,1627045.npy
1629046.png,1629046.npy
1630046.png,1630046.npy
1631046.png,1631046.npy
1632046.png,1632046.npy
1633046.png,1633046.npy
1634046.png,1634046.npy
1636046.png,1636046.npy
1637046.png,1637046.npy
1638046.png,1638046.npy
1639046.png,1639046.npy
1640046.png,1640046.npy
1641046.png,1641046.npy
1642046.png,1642046.npy
1643046.png,1643046.npy
1646046.png,1646046.npy
1647046.png,1647046.npy
1649047.png,1649047.npy
1650047.png,1650047.npy
1652047.png,1652047.npy
1654047.png,1654047.npy
1655047.png,1655047.npy
1656047.png,1656047.npy
1657047.png,1657047.npy
1659047.png,1659047.npy
1660047.png,1660047.npy
1661047.png,1661047.npy
1662047.png,1662047.npy
1663047.png,1663047.npy
1664047.png,1664047.npy
1665047.png,1665047.npy
1666048.png,1666048.npy
1667048.png,1667048.npy
1668048.png,1668048.npy
1669048.png,1669048.npy
1670048.png,1670048.npy
1671048.png,1671048.npy
1672048.png,1672048.npy
1673048.png,1673048.npy
1674048.png,1674048.npy
1675048.png,1675048.npy
1677048.png,1677048.npy
1678048.png,1678048.npy
1679048.png,1679048.npy
1680048.png,1680048.npy
1681048.png,1681048.npy
1682048.png,1682048.npy
1683048.png,1683048.npy
1684048.png,1684048.npy
1686048.png,1686048.npy
1687048.png,1687048.npy
1688048.png,1688048.npy
1689048.png,1689048.npy
1690048.png,1690048.npy
1691048.png,1691048.npy
1693049.png,1693049.npy
1694049.png,1694049.npy
1695049.png,1695049.npy
1696049.png,1696049.npy
1697049.png,1697049.npy
1699049.png,1699049.npy
1700049.png,1700049.npy
1701049.png,1701049.npy
1702049.png,1702049.npy
1703049.png,1703049.npy
1704049.png,1704049.npy
1705049.png,1705049.npy
1706049.png,1706049.npy
1707050.png,1707050.npy
1708050.png,1708050.npy
1709050.png,1709050.npy
1710050.png,1710050.npy
1711050.png,1711050.npy
1712050.png,1712050.npy
1713050.png,1713050.npy
1714050.png,1714050.npy
1715051.png,1715051.npy
1716051.png,1716051.npy
1717051.png,1717051.npy
1720051.png,1720051.npy
1723051.png,1723051.npy
1724051.png,1724051.npy
1725051.png,1725051.npy
1726051.png,1726051.npy
1727051.png,1727051.npy
1728051.png,1728051.npy
1731052.png,1731052.npy
1732052.png,1732052.npy
1733052.png,1733052.npy
1734052.png,1734052.npy
1735052.png,1735052.npy
1736052.png,1736052.npy
1737052.png,1737052.npy
1738052.png,1738052.npy
1739052.png,1739052.npy
1740052.png,1740052.npy
1741052.png,1741052.npy
1742052.png,1742052.npy
1743052.png,1743052.npy
1745053.png,1745053.npy
1747053.png,1747053.npy
1748053.png,1748053.npy
1749053.png,1749053.npy
1750053.png,1750053.npy
1751053.png,1751053.npy
1752053.png,1752053.npy
1753053.png,1753053.npy
1754053.png,1754053.npy
1755053.png,1755053.npy
1756053.png,1756053.npy
1758053.png,1758053.npy
1759054.png,1759054.npy
1760054.png,1760054.npy
1762054.png,1762054.npy
1763054.png,1763054.npy
1764054.png,1764054.npy
1765054.png,1765054.npy
1766054.png,1766054.npy
1767054.png,1767054.npy
1768054.png,1768054.npy
1769054.png,1769054.npy
1772054.png,1772054.npy
1773055.png,1773055.npy
1774055.png,1774055.npy
1776055.png,1776055.npy
1777056.png,1777056.npy
1778056.png,1778056.npy
1779056.png,1779056.npy
1780056.png,1780056.npy
1782056.png,1782056.npy
1783056.png,1783056.npy
1784056.png,1784056.npy
1785057.png,1785057.npy
1786057.png,1786057.npy
1788057.png,1788057.npy
1791057.png,1791057.npy
1792057.png,1792057.npy
1793057.png,1793057.npy
1794057.png,1794057.npy
1795057.png,1795057.npy
1796057.png,1796057.npy
1797057.png,1797057.npy
1798057.png,1798057.npy
1799058.png,1799058.npy
1800058.png,1800058.npy
1802058.png,1802058.npy
1803058.png,1803058.npy
1804058.png,1804058.npy
1805058.png,1805058.npy
1806058.png,1806058.npy
1807058.png,1807058.npy
1808058.png,1808058.npy
1810058.png,1810058.npy
1811058.png,1811058.npy
1812059.png,1812059.npy
1814059.png,1814059.npy
1815059.png,1815059.npy
1816059.png,1816059.npy
1817059.png,1817059.npy
1818059.png,1818059.npy
1820059.png,1820059.npy
1821059.png,1821059.npy
1822059.png,1822059.npy
1823059.png,1823059.npy
1824059.png,1824059.npy
1825059.png,1825059.npy
1826059.png,1826059.npy
1827059.png,1827059.npy
1828059.png,1828059.npy
1829059.png,1829059.npy
1830059.png,1830059.npy
1831059.png,1831059.npy
1833059.png,1833059.npy
1835060.png,1835060.npy
1836060.png,1836060.npy
1837060.png,1837060.npy
1839060.png,1839060.npy
1842060.png,1842060.npy
1844060.png,1844060.npy
1845060.png,1845060.npy
1846060.png,1846060.npy
1848061.png,1848061.npy
1849061.png,1849061.npy
1851061.png,1851061.npy
1852061.png,1852061.npy
1853061.png,1853061.npy
1854062.png,1854062.npy
1855062.png,1855062.npy
1856062.png,1856062.npy
1857062.png,1857062.npy
1858062.png,1858062.npy
1859062.png,1859062.npy
1861062.png,1861062.npy
1862062.png,1862062.npy
1863062.png,1863062.npy
1864063.png,1864063.npy
1866063.png,1866063.npy
1867063.png,1867063.npy
1869063.png,1869063.npy
1870063.png,1870063.npy
1872063.png,1872063.npy
1873063.png,1873063.npy
1874063.png,1874063.npy
1876063.png,1876063.npy
1878064.png,1878064.npy
1879064.png,1879064.npy
1880064.png,1880064.npy
1881064.png,1881064.npy
1883064.png,1883064.npy
1884064.png,1884064.npy
1885064.png,1885064.npy
1886064.png,1886064.npy
1887064.png,1887064.npy
1888064.png,1888064.npy
1890064.png,1890064.npy
1891064.png,1891064.npy
1894064.png,1894064.npy
1896065.png,1896065.npy
1899065.png,1899065.npy
1900065.png,1900065.npy
1901065.png,1901065.npy
1902065.png,1902065.npy
1903065.png,1903065.npy
1904065.png,1904065.npy
1905065.png,1905065.npy
1907065.png,1907065.npy
1908066.png,1908066.npy
1909066.png,1909066.npy
1910066.png,1910066.npy
1911066.png,1911066.npy
1912066.png,1912066.npy
1913066.png,1913066.npy
1914066.png,1914066.npy
1915066.png,1915066.npy
1916067.png,1916067.npy
1917067.png,1917067.npy
1918067.png,1918067.npy
1921067.png,1921067.npy
1923068.png,1923068.npy
1924068.png,1924068.npy
1925068.png,1925068.npy
1926068.png,1926068.npy
1928068.png,1928068.npy
1929068.png,1929068.npy
1930068.png,1930068.npy
1931068.png,1931068.npy
1932069.png,1932069.npy
1933069.png,1933069.npy
1934069.png,1934069.npy
1935069.png,1935069.npy
1939071.png,1939071.npy
1940071.png,1940071.npy
1941071.png,1941071.npy
1942072.png,1942072.npy
1945074.png,1945074.npy
1948075.png,1948075.npy
1949077.png,1949077.npy
1950078.png,1950078.npy
1951078.png,1951078.npy
1952079.png,1952079.npy
1954084.png,1954084.npy
1956134.png,1956134.npy
1994118.png,1994118.npy
1995118.png,1995118.npy
1996118.png,1996118.npy
1997118.png,1997118.npy
1998119.png,1998119.npy
2001120.png,2001120.npy
2002120.png,2002120.npy
2003120.png,2003120.npy
2004120.png,2004120.npy
2005120.png,2005120.npy
2006120.png,2006120.npy
2007120.png,2007120.npy
2008120.png,2008120.npy
2010120.png,2010120.npy
2012120.png,2012120.npy
2013121.png,2013121.npy
2014121.png,2014121.npy
2015121.png,2015121.npy
2016121.png,2016121.npy
2017121.png,2017121.npy
2018121.png,2018121.npy
2019121.png,2019121.npy
2020121.png,2020121.npy
2022121.png,2022121.npy
2023121.png,2023121.npy
2024121.png,2024121.npy
2025122.png,2025122.npy
2027122.png,2027122.npy
2028122.png,2028122.npy
2029122.png,2029122.npy
2030122.png,2030122.npy
2031122.png,2031122.npy
2032122.png,2032122.npy
2033122.png,2033122.npy
2034122.png,2034122.npy
2035122.png,2035122.npy
2036122.png,2036122.npy
2037122.png,2037122.npy
2038122.png,2038122.npy
2039122.png,2039122.npy
2041122.png,2041122.npy
2043122.png,2043122.npy
2044122.png,2044122.npy
2045122.png,2045122.npy
2046122.png,2046122.npy
2047122.png,2047122.npy
2048122.png,2048122.npy
2049122.png,2049122.npy
2050122.png,2050122.npy
2051122.png,2051122.npy
2052122.png,2052122.npy
2055122.png,2055122.npy
2056123.png,2056123.npy
2057123.png,2057123.npy
2058123.png,2058123.npy
2060123.png,2060123.npy
2061123.png,2061123.npy
2063123.png,2063123.npy
2064123.png,2064123.npy
2065123.png,2065123.npy
2066123.png,2066123.npy
2067123.png,2067123.npy
2068123.png,2068123.npy
2069123.png,2069123.npy
2070123.png,2070123.npy
2071123.png,2071123.npy
2073123.png,2073123.npy
2075123.png,2075123.npy
2076123.png,2076123.npy
2077123.png,2077123.npy
2078123.png,2078123.npy
2079123.png,2079123.npy
2080123.png,2080123.npy
2081123.png,2081123.npy
2082123.png,2082123.npy
2083123.png,2083123.npy
2084123.png,2084123.npy
2085123.png,2085123.npy
2086123.png,2086123.npy
2087123.png,2087123.npy
2088123.png,2088123.npy
2089123.png,2089123.npy
2091123.png,2091123.npy
2092123.png,2092123.npy
2093123.png,2093123.npy
2094124.png,2094124.npy
2096124.png,2096124.npy
2097124.png,2097124.npy
2098124.png,2098124.npy
2099124.png,2099124.npy
2100124.png,2100124.npy
2101124.png,2101124.npy
2102124.png,2102124.npy
2103124.png,2103124.npy
2104124.png,2104124.npy
2106124.png,2106124.npy
2107124.png,2107124.npy
2108124.png,2108124.npy
2109124.png,2109124.npy
2111124.png,2111124.npy
2112124.png,2112124.npy
2113124.png,2113124.npy
2114124.png,2114124.npy
2116124.png,2116124.npy
2117124.png,2117124.npy
2118124.png,2118124.npy
2119124.png,2119124.npy
2120124.png,2120124.npy
2122124.png,2122124.npy
2123124.png,2123124.npy
2124124.png,2124124.npy
2125124.png,2125124.npy
2126124.png,2126124.npy
2127124.png,2127124.npy
2128124.png,2128124.npy
2130124.png,2130124.npy
2131124.png,2131124.npy
2132124.png,2132124.npy
2133124.png,2133124.npy
2134124.png,2134124.npy
2135124.png,2135124.npy
2136124.png,2136124.npy
2138124.png,2138124.npy
2139124.png,2139124.npy
2140124.png,2140124.npy
2143124.png,2143124.npy
2144124.png,2144124.npy
2145124.png,2145124.npy
2146124.png,2146124.npy
2147124.png,2147124.npy
2150124.png,2150124.npy
2151124.png,2151124.npy
2153125.png,2153125.npy
2154125.png,2154125.npy
2158125.png,2158125.npy
2159125.png,2159125.npy
2160125.png,2160125.npy
2161125.png,2161125.npy
2162125.png,2162125.npy
2163125.png,2163125.npy
2164125.png,2164125.npy
2166125.png,2166125.npy
2167125.png,2167125.npy
2168125.png,2168125.npy
2169125.png,2169125.npy
2170125.png,2170125.npy
2171125.png,2171125.npy
2172125.png,2172125.npy
2174125.png,2174125.npy
2175125.png,2175125.npy
2177125.png,2177125.npy
2178125.png,2178125.npy
2179125.png,2179125.npy
2180125.png,2180125.npy
2181125.png,2181125.npy
2183125.png,2183125.npy
2185125.png,2185125.npy
2186125.png,2186125.npy
2187125.png,2187125.npy
2188125.png,2188125.npy
2189125.png,2189125.npy
2190125.png,2190125.npy
2192125.png,2192125.npy
2193125.png,2193125.npy
2194125.png,2194125.npy
2195125.png,2195125.npy
2196125.png,2196125.npy
2197125.png,2197125.npy
2198125.png,2198125.npy
2199125.png,2199125.npy
2200125.png,2200125.npy
2201125.png,2201125.npy
2202125.png,2202125.npy
2203125.png,2203125.npy
2204125.png,2204125.npy
2207125.png,2207125.npy
2209125.png,2209125.npy
2210125.png,2210125.npy
2213125.png,2213125.npy
2214125.png,2214125.npy
2217125.png,2217125.npy
2218125.png,2218125.npy
2221125.png,2221125.npy
2222125.png,2222125.npy
2223126.png,2223126.npy
2224126.png,2224126.npy
2226126.png,2226126.npy
2227126.png,2227126.npy
2228126.png,2228126.npy
2230126.png,2230126.npy
2231126.png,2231126.npy
2232126.png,2232126.npy
2234126.png,2234126.npy
2235126.png,2235126.npy
2236126.png,2236126.npy
2237126.png,2237126.npy
2238126.png,2238126.npy
2239126.png,2239126.npy
2240126.png,2240126.npy
2241126.png,2241126.npy
2242126.png,2242126.npy
2243126.png,2243126.npy
2244126.png,2244126.npy
2245126.png,2245126.npy
2246126.png,2246126.npy
2247126.png,2247126.npy
2248126.png,2248126.npy
2250126.png,2250126.npy
2252126.png,2252126.npy
2254126.png,2254126.npy
2255126.png,2255126.npy
2256126.png,2256126.npy
2257126.png,2257126.npy
2259126.png,2259126.npy
2260126.png,2260126.npy
2261126.png,2261126.npy
2262126.png,2262126.npy
2263126.png,2263126.npy
2267126.png,2267126.npy
2268126.png,2268126.npy
2269126.png,2269126.npy
2270126.png,2270126.npy
2272126.png,2272126.npy
2273126.png,2273126.npy
2275126.png,2275126.npy
2276126.png,2276126.npy
2277126.png,2277126.npy
2278126.png,2278126.npy
2279126.png,2279126.npy
2280126.png,2280126.npy
2281126.png,2281126.npy
2282126.png,2282126.npy
2284126.png,2284126.npy
2285126.png,2285126.npy
2286126.png,2286126.npy
2287126.png,2287126.npy
2288126.png,2288126.npy
2289126.png,2289126.npy
2291126.png,2291126.npy
2293126.png,2293126.npy
2294126.png,2294126.npy
2295126.png,2295126.npy
2296126.png,2296126.npy
2298126.png,2298126.npy
2299126.png,2299126.npy
2300126.png,2300126.npy
2301126.png,2301126.npy
2302126.png,2302126.npy
2303126.png,2303126.npy
2304127.png,2304127.npy
2305127.png,2305127.npy
2308127.png,2308127.npy
2309127.png,2309127.npy
2310127.png,2310127.npy
2311127.png,2311127.npy
2312127.png,2312127.npy
2316127.png,2316127.npy
2317127.png,2317127.npy
2318127.png,2318127.npy
2319127.png,2319127.npy
2321127.png,2321127.npy
2323127.png,2323127.npy
2324127.png,2324127.npy
2327127.png,2327127.npy
2329127.png,2329127.npy
2331127.png,2331127.npy
2332127.png,2332127.npy
2333127.png,2333127.npy
2334127.png,2334127.npy
2337127.png,2337127.npy
2338127.png,2338127.npy
2339127.png,2339127.npy
2341127.png,2341127.npy
2342127.png,2342127.npy
2344127.png,2344127.npy
2345127.png,2345127.npy
2346127.png,2346127.npy
2348127.png,2348127.npy
2349127.png,2349127.npy
2350127.png,2350127.npy
2351127.png,2351127.npy
2353127.png,2353127.npy
2354127.png,2354127.npy
2356127.png,2356127.npy
2358127.png,2358127.npy
2359127.png,2359127.npy
2360127.png,2360127.npy
2361127.png,2361127.npy
2362127.png,2362127.npy
2363127.png,2363127.npy
2364127.png,2364127.npy
2365127.png,2365127.npy
2370127.png,2370127.npy
2371127.png,2371127.npy
2372127.png,2372127.npy
2373127.png,2373127.npy
2374127.png,2374127.npy
2375127.png,2375127.npy
2376127.png,2376127.npy
2378127.png,2378127.npy
2379127.png,2379127.npy
2380127.png,2380127.npy
2381127.png,2381127.npy
2383127.png,2383127.npy
2384127.png,2384127.npy
2385127.png,2385127.npy
2386127.png,2386127.npy
2387127.png,2387127.npy
2388127.png,2388127.npy
2389127.png,2389127.npy
2390127.png,2390127.npy
2391128.png,2391128.npy
2393128.png,2393128.npy
2394128.png,2394128.npy
2395128.png,2395128.npy
2396128.png,2396128.npy
2397128.png,2397128.npy
2398128.png,2398128.npy
2399128.png,2399128.npy
2400128.png,2400128.npy
2401128.png,2401128.npy
2403128.png,2403128.npy
2406128.png,2406128.npy
2408128.png,2408128.npy
2409128.png,2409128.npy
2411128.png,2411128.npy
2413128.png,2413128.npy
2414128.png,2414128.npy
2415128.png,2415128.npy
2419128.png,2419128.npy
2420128.png,2420128.npy
2421128.png,2421128.npy
2423128.png,2423128.npy
2424128.png,2424128.npy
2426128.png,2426128.npy
2427128.png,2427128.npy
2428128.png,2428128.npy
2429128.png,2429128.npy
2430128.png,2430128.npy
2431128.png,2431128.npy
2432128.png,2432128.npy
2433128.png,2433128.npy
2434128.png,2434128.npy
2435128.png,2435128.npy
2436128.png,2436128.npy
2438128.png,2438128.npy
2439128.png,2439128.npy
2441128.png,2441128.npy
2443128.png,2443128.npy
2446128.png,2446128.npy
2447129.png,2447129.npy
2448129.png,2448129.npy
2449129.png,2449129.npy
2450129.png,2450129.npy
2451129.png,2451129.npy
2453129.png,2453129.npy
2454129.png,2454129.npy
2455129.png,2455129.npy
2456129.png,2456129.npy
2457129.png,2457129.npy
2458129.png,2458129.npy
2459129.png,2459129.npy
2461129.png,2461129.npy
2462129.png,2462129.npy
2463129.png,2463129.npy
2464129.png,2464129.npy
2465129.png,2465129.npy
2466129.png,2466129.npy
2467129.png,2467129.npy
2468129.png,2468129.npy
2469129.png,2469129.npy
2471129.png,2471129.npy
2472129.png,2472129.npy
2473129.png,2473129.npy
2475129.png,2475129.npy
2476129.png,2476129.npy
2477129.png,2477129.npy
2478129.png,2478129.npy
2479129.png,2479129.npy
2480129.png,2480129.npy
2481129.png,2481129.npy
2482129.png,2482129.npy
2483129.png,2483129.npy
2484129.png,2484129.npy
2486129.png,2486129.npy
2487129.png,2487129.npy
2488129.png,2488129.npy
2489129.png,2489129.npy
2490129.png,2490129.npy
2491129.png,2491129.npy
2492129.png,2492129.npy
2493129.png,2493129.npy
2494129.png,2494129.npy
2495129.png,2495129.npy
2496129.png,2496129.npy
2498129.png,2498129.npy
2499129.png,2499129.npy
2500129.png,2500129.npy
2501129.png,2501129.npy
2502129.png,2502129.npy
2503129.png,2503129.npy
2504129.png,2504129.npy
2505129.png,2505129.npy
2506129.png,2506129.npy
2507129.png,2507129.npy
2508129.png,2508129.npy
2510129.png,2510129.npy
2511129.png,2511129.npy
2512129.png,2512129.npy
2513129.png,2513129.npy
2514129.png,2514129.npy
2515129.png,2515129.npy
2516129.png,2516129.npy
2517129.png,2517129.npy
2520129.png,2520129.npy
2521129.png,2521129.npy
2522129.png,2522129.npy
2523129.png,2523129.npy
2524129.png,2524129.npy
2525130.png,2525130.npy
2526130.png,2526130.npy
2527130.png,2527130.npy
2528130.png,2528130.npy
2529130.png,2529130.npy
2531130.png,2531130.npy
2532130.png,2532130.npy
2533130.png,2533130.npy
2534130.png,2534130.npy
2536130.png,2536130.npy
2537130.png,2537130.npy
2538130.png,2538130.npy
2539130.png,2539130.npy
2540130.png,2540130.npy
2541130.png,2541130.npy
2542130.png,2542130.npy
2544130.png,2544130.npy
2545130.png,2545130.npy
2546130.png,2546130.npy
2549130.png,2549130.npy
2550130.png,2550130.npy
2551130.png,2551130.npy
2552130.png,2552130.npy
2553130.png,2553130.npy
2554130.png,2554130.npy
2556130.png,2556130.npy
2558130.png,2558130.npy
2559130.png,2559130.npy
2560130.png,2560130.npy
2561130.png,2561130.npy
2562130.png,2562130.npy
2563130.png,2563130.npy
2564130.png,2564130.npy
2565130.png,2565130.npy
2566130.png,2566130.npy
2567130.png,2567130.npy
2568130.png,2568130.npy
2570130.png,2570130.npy
2571130.png,2571130.npy
2572130.png,2572130.npy
2573130.png,2573130.npy
2574130.png,2574130.npy
2575130.png,2575130.npy
2576130.png,2576130.npy
2577130.png,2577130.npy
2578130.png,2578130.npy
2579130.png,2579130.npy
2580130.png,2580130.npy
2581130.png,2581130.npy
2582130.png,2582130.npy
2583130.png,2583130.npy
2584130.png,2584130.npy
2586130.png,2586130.npy
2587130.png,2587130.npy
2589130.png,2589130.npy
2590130.png,2590130.npy
2591130.png,2591130.npy
2592130.png,2592130.npy
2593130.png,2593130.npy
2594130.png,2594130.npy
2595130.png,2595130.npy
2596130.png,2596130.npy
2597130.png,2597130.npy
2598130.png,2598130.npy
2600131.png,2600131.npy
2601131.png,2601131.npy
2602131.png,2602131.npy
2603131.png,2603131.npy
2604131.png,2604131.npy
2605131.png,2605131.npy
2606131.png,2606131.npy
2607131.png,2607131.npy
2608131.png,2608131.npy
2609131.png,2609131.npy
2610131.png,2610131.npy
2611131.png,2611131.npy
2612131.png,2612131.npy
2614131.png,2614131.npy
2615131.png,2615131.npy
2616131.png,2616131.npy
2617131.png,2617131.npy
2618131.png,2618131.npy
2619131.png,2619131.npy
2620131.png,2620131.npy
2621131.png,2621131.npy
2624131.png,2624131.npy
2626131.png,2626131.npy
2627131.png,2627131.npy
2628131.png,2628131.npy
2630131.png,2630131.npy
2631131.png,2631131.npy
2632131.png,2632131.npy
2633131.png,2633131.npy
2634131.png,2634131.npy
2635131.png,2635131.npy
2636131.png,2636131.npy
2637131.png,2637131.npy
2638131.png,2638131.npy
2639131.png,2639131.npy
2641131.png,2641131.npy
2642131.png,2642131.npy
2644131.png,2644131.npy
2646131.png,2646131.npy
2647131.png,2647131.npy
2648131.png,2648131.npy
2649131.png,2649131.npy
2650131.png,2650131.npy
2651131.png,2651131.npy
2652131.png,2652131.npy
2653131.png,2653131.npy
2654131.png,2654131.npy
2656131.png,2656131.npy
2657131.png,2657131.npy
2658131.png,2658131.npy
2659131.png,2659131.npy
2660131.png,2660131.npy
2661131.png,2661131.npy
2662131.png,2662131.npy
2663131.png,2663131.npy
2664131.png,2664131.npy
2666131.png,2666131.npy
2667131.png,2667131.npy
2668131.png,2668131.npy
2669131.png,2669131.npy
2670131.png,2670131.npy
2673131.png,2673131.npy
2674131.png,2674131.npy
2675131.png,2675131.npy
2677132.png,2677132.npy
2678132.png,2678132.npy
2679132.png,2679132.npy
2680132.png,2680132.npy
2681132.png,2681132.npy
2682132.png,2682132.npy
2683132.png,2683132.npy
2685132.png,2685132.npy
2686132.png,2686132.npy
2690132.png,2690132.npy
2691132.png,2691132.npy
2692132.png,2692132.npy
2693132.png,2693132.npy
2695132.png,2695132.npy
2696132.png,2696132.npy
2697132.png,2697132.npy
2698132.png,2698132.npy
2699132.png,2699132.npy
2700132.png,2700132.npy
2701132.png,2701132.npy
2703132.png,2703132.npy
2704132.png,2704132.npy
2705132.png,2705132.npy
2706132.png,2706132.npy
2707132.png,2707132.npy
2708132.png,2708132.npy
2709132.png,2709132.npy
2710132.png,2710132.npy
2712132.png,2712132.npy
2713132.png,2713132.npy
2714132.png,2714132.npy
2717132.png,2717132.npy
2719132.png,2719132.npy
2720132.png,2720132.npy
2721132.png,2721132.npy
2722132.png,2722132.npy
2723132.png,2723132.npy
2724132.png,2724132.npy
2725132.png,2725132.npy
2726132.png,2726132.npy
2728132.png,2728132.npy
2729132.png,2729132.npy
2730132.png,2730132.npy
2731132.png,2731132.npy
2733132.png,2733132.npy
2734132.png,2734132.npy
2735132.png,2735132.npy
2736132.png,2736132.npy
2737132.png,2737132.npy
2739132.png,2739132.npy
2741133.png,2741133.npy
2742133.png,2742133.npy
2744133.png,2744133.npy
2745133.png,2745133.npy
2746133.png,2746133.npy
2747133.png,2747133.npy
2748133.png,2748133.npy
2749133.png,2749133.npy
2750133.png,2750133.npy
2751133.png,2751133.npy
2752133.png,2752133.npy
2753133.png,2753133.npy
2754133.png,2754133.npy
2755133.png,2755133.npy
2757133.png,2757133.npy
2758133.png,2758133.npy
2759133.png,2759133.npy
2761133.png,2761133.npy
2762133.png,2762133.npy
2763133.png,2763133.npy
2765133.png,2765133.npy
2767133.png,2767133.npy
2768133.png,2768133.npy
2769133.png,2769133.npy
2771133.png,2771133.npy
2772133.png,2772133.npy
2773133.png,2773133.npy
2774133.png,2774133.npy
2775133.png,2775133.npy
2776133.png,2776133.npy
2777133.png,2777133.npy
2778133.png,2778133.npy
2779133.png,2779133.npy
2780133.png,2780133.npy
2781133.png,2781133.npy
2782133.png,2782133.npy
2783133.png,2783133.npy
2784133.png,2784133.npy
2785133.png,2785133.npy
2786133.png,2786133.npy
2787133.png,2787133.npy
2788133.png,2788133.npy
2789133.png,2789133.npy
2790133.png,2790133.npy
2791133.png,2791133.npy
2792133.png,2792133.npy
2793133.png,2793133.npy
2794133.png,2794133.npy
2795133.png,2795133.npy
2796133.png,2796133.npy
2797133.png,2797133.npy
2798133.png,2798133.npy
2799133.png,2799133.npy
2800133.png,2800133.npy
2801133.png,2801133.npy
2802133.png,2802133.npy
2803133.png,2803133.npy
2804133.png,2804133.npy
2806133.png,2806133.npy
2807133.png,2807133.npy
2808133.png,2808133.npy
2809133.png,2809133.npy
2810133.png,2810133.npy
2811133.png,2811133.npy
2812133.png,2812133.npy
2814133.png,2814133.npy
2815133.png,2815133.npy
2816133.png,2816133.npy
2817133.png,2817133.npy
2818133.png,2818133.npy
2819133.png,2819133.npy
2820133.png,2820133.npy
2821133.png,2821133.npy
2823133.png,2823133.npy
2824133.png,2824133.npy
2825133.png,2825133.npy
2826133.png,2826133.npy
2827133.png,2827133.npy
2828133.png,2828133.npy
2829134.png,2829134.npy
2830134.png,2830134.npy
2831134.png,2831134.npy
2832134.png,2832134.npy
2833134.png,2833134.npy
2834134.png,2834134.npy
2835134.png,2835134.npy
2836134.png,2836134.npy
2837134.png,2837134.npy
2838134.png,2838134.npy
2839134.png,2839134.npy
2840134.png,2840134.npy
2841134.png,2841134.npy
2842134.png,2842134.npy
2843134.png,2843134.npy
2844134.png,2844134.npy
2846134.png,2846134.npy
2847134.png,2847134.npy
2849134.png,2849134.npy
2852134.png,2852134.npy
2853134.png,2853134.npy
2854134.png,2854134.npy
2856134.png,2856134.npy
2857134.png,2857134.npy
2858134.png,2858134.npy
2859134.png,2859134.npy
2860134.png,2860134.npy
2862134.png,2862134.npy
2863134.png,2863134.npy
2864134.png,2864134.npy
2866134.png,2866134.npy
2867134.png,2867134.npy
2868134.png,2868134.npy
2869134.png,2869134.npy
2870134.png,2870134.npy
2874134.png,2874134.npy
2875134.png,2875134.npy
2876134.png,2876134.npy
2877134.png,2877134.npy
2878134.png,2878134.npy
2881134.png,2881134.npy
2882134.png,2882134.npy
2884134.png,2884134.npy
2886134.png,2886134.npy
2887134.png,2887134.npy
2888134.png,2888134.npy
2889134.png,2889134.npy
2890134.png,2890134.npy
2891134.png,2891134.npy
2892134.png,2892134.npy
2895134.png,2895134.npy
2896134.png,2896134.npy
2899134.png,2899134.npy
2900134.png,2900134.npy
2901134.png,2901134.npy
2902134.png,2902134.npy
2903134.png,2903134.npy
2904134.png,2904134.npy
2905134.png,2905134.npy
2906134.png,2906134.npy
2907134.png,2907134.npy
2908134.png,2908134.npy
2909134.png,2909134.npy
2910134.png,2910134.npy
2911134.png,2911134.npy
2913134.png,2913134.npy
2915134.png,2915134.npy
2916134.png,2916134.npy
2917134.png,2917134.npy
2920134.png,2920134.npy
2922134.png,2922134.npy
2923134.png,2923134.npy
2925134.png,2925134.npy
2926134.png,2926134.npy
2927134.png,2927134.npy
2928134.png,2928134.npy
2929134.png,2929134.npy
2931134.png,2931134.npy
2932134.png,2932134.npy
2933135.png,2933135.npy
2934135.png,2934135.npy
2936135.png,2936135.npy
2937135.png,2937135.npy
2938135.png,2938135.npy
2939135.png,2939135.npy
2940135.png,2940135.npy
2941135.png,2941135.npy
2942135.png,2942135.npy
2943135.png,2943135.npy
2945135.png,2945135.npy
2946135.png,2946135.npy
2947135.png,2947135.npy
2948135.png,2948135.npy
2949135.png,2949135.npy
2950135.png,2950135.npy
2951135.png,2951135.npy
2952135.png,2952135.npy
2953135.png,2953135.npy
2954135.png,2954135.npy
2956135.png,2956135.npy
2957135.png,2957135.npy
2958135.png,2958135.npy
2959135.png,2959135.npy
2960135.png,2960135.npy
2961135.png,2961135.npy
2962135.png,2962135.npy
2963135.png,2963135.npy
2964135.png,2964135.npy
2965135.png,2965135.npy
2966135.png,2966135.npy
2967135.png,2967135.npy
2968135.png,2968135.npy
2969135.png,2969135.npy
2971135.png,2971135.npy
2972135.png,2972135.npy
2973135.png,2973135.npy
2974135.png,2974135.npy
2976135.png,2976135.npy
2977135.png,2977135.npy
2979135.png,2979135.npy
2980135.png,2980135.npy
2982135.png,2982135.npy
2983135.png,2983135.npy
2984135.png,2984135.npy
2985135.png,2985135.npy
2988135.png,2988135.npy
2990135.png,2990135.npy
2991135.png,2991135.npy
2992135.png,2992135.npy
2993135.png,2993135.npy
2994135.png,2994135.npy
2996135.png,2996135.npy
2997135.png,2997135.npy
2998135.png,2998135.npy
2999135.png,2999135.npy
3000135.png,3000135.npy
3001135.png,3001135.npy
3002135.png,3002135.npy
3003135.png,3003135.npy
3004135.png,3004135.npy
3005135.png,3005135.npy
3007135.png,3007135.npy
3009135.png,3009135.npy
3010135.png,3010135.npy
3011135.png,3011135.npy
3012135.png,3012135.npy
3013135.png,3013135.npy
3014135.png,3014135.npy
3017135.png,3017135.npy
3018135.png,3018135.npy
3019135.png,3019135.npy
3020135.png,3020135.npy
3021135.png,3021135.npy
3022135.png,3022135.npy
3023135.png,3023135.npy
3024135.png,3024135.npy
3025135.png,3025135.npy
3026135.png,3026135.npy
3027135.png,3027135.npy
3028135.png,3028135.npy
3029135.png,3029135.npy
3030135.png,3030135.npy
3031135.png,3031135.npy
3032135.png,3032135.npy
3033136.png,3033136.npy
3034136.png,3034136.npy
3035136.png,3035136.npy
3036136.png,3036136.npy
3037136.png,3037136.npy
3038136.png,3038136.npy
3040136.png,3040136.npy
3041136.png,3041136.npy
3042136.png,3042136.npy
3043136.png,3043136.npy
3046136.png,3046136.npy
3047136.png,3047136.npy
3052136.png,3052136.npy
3053136.png,3053136.npy
3054136.png,3054136.npy
3055136.png,3055136.npy
3057136.png,3057136.npy
3058136.png,3058136.npy
3059136.png,3059136.npy
3061136.png,3061136.npy
3063136.png,3063136.npy
3066136.png,3066136.npy
3067136.png,3067136.npy
3068136.png,3068136.npy
3069136.png,3069136.npy
3070136.png,3070136.npy
3071136.png,3071136.npy
3072136.png,3072136.npy
3074136.png,3074136.npy
3075136.png,3075136.npy
3077136.png,3077136.npy
3078136.png,3078136.npy
3079136.png,3079136.npy
3080136.png,3080136.npy
3081136.png,3081136.npy
3083136.png,3083136.npy
3084136.png,3084136.npy
3085136.png,3085136.npy
3086136.png,3086136.npy
3088136.png,3088136.npy
3089136.png,3089136.npy
3090136.png,3090136.npy
3091136.png,3091136.npy
3092136.png,3092136.npy
3093136.png,3093136.npy
3094136.png,3094136.npy
3095136.png,3095136.npy
3097136.png,3097136.npy
3098136.png,3098136.npy
3099136.png,3099136.npy
3100136.png,3100136.npy
3101136.png,3101136.npy
3102136.png,3102136.npy
3104136.png,3104136.npy
3105136.png,3105136.npy
3106136.png,3106136.npy
3107136.png,3107136.npy
3108136.png,3108136.npy
3110136.png,3110136.npy
3111136.png,3111136.npy
3112136.png,3112136.npy
3113136.png,3113136.npy
3115137.png,3115137.npy
3117137.png,3117137.npy
3118137.png,3118137.npy
3119137.png,3119137.npy
3120137.png,3120137.npy
3121137.png,3121137.npy
3122137.png,3122137.npy
3123137.png,3123137.npy
3124137.png,3124137.npy
3125137.png,3125137.npy
3126137.png,3126137.npy
3127137.png,3127137.npy
3128137.png,3128137.npy
3130137.png,3130137.npy
3131137.png,3131137.npy
3132137.png,3132137.npy
3133137.png,3133137.npy
3135137.png,3135137.npy
3136137.png,3136137.npy
3137137.png,3137137.npy
3138137.png,3138137.npy
3139137.png,3139137.npy
3142137.png,3142137.npy
3143137.png,3143137.npy
3144137.png,3144137.npy
3145137.png,3145137.npy
3146137.png,3146137.npy
3148137.png,3148137.npy
3149137.png,3149137.npy
3153137.png,3153137.npy
3154137.png,3154137.npy
3155137.png,3155137.npy
3156137.png,3156137.npy
3157137.png,3157137.npy
3158137.png,3158137.npy
3159137.png,3159137.npy
3160137.png,3160137.npy
3161137.png,3161137.npy
3162137.png,3162137.npy
3163137.png,3163137.npy
3165137.png,3165137.npy
3166137.png,3166137.npy
3168137.png,3168137.npy
3169137.png,3169137.npy
3171137.png,3171137.npy
3173137.png,3173137.npy
3174137.png,3174137.npy
3175137.png,3175137.npy
3176137.png,3176137.npy
3178137.png,3178137.npy
3179137.png,3179137.npy
3180137.png,3180137.npy
3181137.png,3181137.npy
3182137.png,3182137.npy
3183137.png,3183137.npy
3184138.png,3184138.npy
3185138.png,3185138.npy
3186138.png,3186138.npy
3187138.png,3187138.npy
3189138.png,3189138.npy
3190138.png,3190138.npy
3191138.png,3191138.npy
3192138.png,3192138.npy
3193138.png,3193138.npy
3194138.png,3194138.npy
3195138.png,3195138.npy
3196138.png,3196138.npy
3197138.png,3197138.npy
3198138.png,3198138.npy
3199138.png,3199138.npy
3200138.png,3200138.npy
3201138.png,3201138.npy
3202138.png,3202138.npy
3203138.png,3203138.npy
3204138.png,3204138.npy
3205138.png,3205138.npy
3206138.png,3206138.npy
3207138.png,3207138.npy
3208138.png,3208138.npy
3209138.png,3209138.npy
3210138.png,3210138.npy
3211138.png,3211138.npy
3212138.png,3212138.npy
3213138.png,3213138.npy
3215138.png,3215138.npy
3216138.png,3216138.npy
3217138.png,3217138.npy
3218138.png,3218138.npy
3221138.png,3221138.npy
3222138.png,3222138.npy
3223138.png,3223138.npy
3224138.png,3224138.npy
3226138.png,3226138.npy
3228138.png,3228138.npy
3229138.png,3229138.npy
3231138.png,3231138.npy
3232138.png,3232138.npy
3233138.png,3233138.npy
3234138.png,3234138.npy
3235138.png,3235138.npy
3237138.png,3237138.npy
3238138.png,3238138.npy
3239138.png,3239138.npy
3240138.png,3240138.npy
3241138.png,3241138.npy
3242138.png,3242138.npy
3243138.png,3243138.npy
3244138.png,3244138.npy
3245138.png,3245138.npy
3246138.png,3246138.npy
3247138.png,3247138.npy
3248138.png,3248138.npy
3249138.png,3249138.npy
3250139.png,3250139.npy
3251139.png,3251139.npy
3252139.png,3252139.npy
3253139.png,3253139.npy
3254139.png,3254139.npy
3255139.png,3255139.npy
3256139.png,3256139.npy
3257139.png,3257139.npy
3258139.png,3258139.npy
3260139.png,3260139.npy
3261139.png,3261139.npy
3262139.png,3262139.npy
3263139.png,3263139.npy
3264139.png,3264139.npy
3265139.png,3265139.npy
3266139.png,3266139.npy
3267139.png,3267139.npy
3268139.png,3268139.npy
3270139.png,3270139.npy
3271139.png,3271139.npy
3272139.png,3272139.npy
3273139.png,3273139.npy
3274139.png,3274139.npy
3276139.png,3276139.npy
3277139.png,3277139.npy
3279139.png,3279139.npy
3280139.png,3280139.npy
3281139.png,3281139.npy
3282139.png,3282139.npy
3283139.png,3283139.npy
3284139.png,3284139.npy
3285139.png,3285139.npy
3286139.png,3286139.npy
3289139.png,3289139.npy
3290139.png,3290139.npy
3293139.png,3293139.npy
3294139.png,3294139.npy
3295139.png,3295139.npy
3296139.png,3296139.npy
3297139.png,3297139.npy
3298139.png,3298139.npy
3299139.png,3299139.npy
3301139.png,3301139.npy
3303139.png,3303139.npy
3304139.png,3304139.npy
3305139.png,3305139.npy
3307139.png,3307139.npy
3309139.png,3309139.npy
3310139.png,3310139.npy
3312139.png,3312139.npy
3313139.png,3313139.npy
3314139.png,3314139.npy
3315139.png,3315139.npy
3316139.png,3316139.npy
3317139.png,3317139.npy
3318139.png,3318139.npy
3319139.png,3319139.npy
3321139.png,3321139.npy
3322139.png,3322139.npy
3323139.png,3323139.npy
3325139.png,3325139.npy
3328139.png,3328139.npy
3330139.png,3330139.npy
3331139.png,3331139.npy
3332139.png,3332139.npy
3334139.png,3334139.npy
3335139.png,3335139.npy
3336139.png,3336139.npy
3337139.png,3337139.npy
3338139.png,3338139.npy
3339139.png,3339139.npy
3340139.png,3340139.npy
3342139.png,3342139.npy
3343139.png,3343139.npy
3344139.png,3344139.npy
3345139.png,3345139.npy
3346139.png,3346139.npy
3347139.png,3347139.npy
3348139.png,3348139.npy
3352139.png,3352139.npy
3353139.png,3353139.npy
3355139.png,3355139.npy
3357139.png,3357139.npy
3358139.png,3358139.npy
3361139.png,3361139.npy
3362139.png,3362139.npy
3363139.png,3363139.npy
3364139.png,3364139.npy
3365139.png,3365139.npy
3366139.png,3366139.npy
3367139.png,3367139.npy
3368139.png,3368139.npy
3369139.png,3369139.npy
3370139.png,3370139.npy
3371139.png,3371139.npy
3372139.png,3372139.npy
3373139.png,3373139.npy
3375139.png,3375139.npy
3376140.png,3376140.npy
3377140.png,3377140.npy
3378140.png,3378140.npy
3379140.png,3379140.npy
3380140.png,3380140.npy
3381140.png,3381140.npy
3383140.png,3383140.npy
3384140.png,3384140.npy
3385140.png,3385140.npy
3386140.png,3386140.npy
3387140.png,3387140.npy
3389140.png,3389140.npy
3390140.png,3390140.npy
3391140.png,3391140.npy
3392140.png,3392140.npy
3393140.png,3393140.npy
3394140.png,3394140.npy
3396140.png,3396140.npy
3397140.png,3397140.npy
3398140.png,3398140.npy
3399140.png,3399140.npy
3400140.png,3400140.npy
3401140.png,3401140.npy
3402140.png,3402140.npy
3403140.png,3403140.npy
3404140.png,3404140.npy
3405140.png,3405140.npy
3406140.png,3406140.npy
3407140.png,3407140.npy
3408140.png,3408140.npy
3411140.png,3411140.npy
3412140.png,3412140.npy
3414140.png,3414140.npy
3416140.png,3416140.npy
3417140.png,3417140.npy
3418140.png,3418140.npy
3421140.png,3421140.npy
3422140.png,3422140.npy
3423140.png,3423140.npy
3425140.png,3425140.npy
3426140.png,3426140.npy
3427140.png,3427140.npy
3428140.png,3428140.npy
3429140.png,3429140.npy
3430140.png,3430140.npy
3432140.png,3432140.npy
3433140.png,3433140.npy
3434140.png,3434140.npy
3435140.png,3435140.npy
3437140.png,3437140.npy
3438140.png,3438140.npy
3439140.png,3439140.npy
3440140.png,3440140.npy
3442140.png,3442140.npy
3443140.png,3443140.npy
3444140.png,3444140.npy
3445140.png,3445140.npy
3446140.png,3446140.npy
3447140.png,3447140.npy
3448140.png,3448140.npy
3450141.png,3450141.npy
3453141.png,3453141.npy
3454141.png,3454141.npy
3455141.png,3455141.npy
3457141.png,3457141.npy
3458141.png,3458141.npy
3459141.png,3459141.npy
3460141.png,3460141.npy
3461141.png,3461141.npy
3462141.png,3462141.npy
3463141.png,3463141.npy
3466141.png,3466141.npy
3467141.png,3467141.npy
3468141.png,3468141.npy
3470141.png,3470141.npy
3471141.png,3471141.npy
3472141.png,3472141.npy
3473141.png,3473141.npy
3474141.png,3474141.npy
3476141.png,3476141.npy
3477141.png,3477141.npy
3478141.png,3478141.npy
3479141.png,3479141.npy
3482141.png,3482141.npy
3483141.png,3483141.npy
3484141.png,3484141.npy
3485141.png,3485141.npy
3486141.png,3486141.npy
3487141.png,3487141.npy
3489141.png,3489141.npy
3490141.png,3490141.npy
3495142.png,3495142.npy
3496142.png,3496142.npy
3498142.png,3498142.npy
3499142.png,3499142.npy
3500142.png,3500142.npy
3502142.png,3502142.npy
3503142.png,3503142.npy
3504142.png,3504142.npy
3506142.png,3506142.npy
3507142.png,3507142.npy
3508142.png,3508142.npy
3509142.png,3509142.npy
3510142.png,3510142.npy
3511142.png,3511142.npy
3512142.png,3512142.npy
3513142.png,3513142.npy
3514142.png,3514142.npy
3516142.png,3516142.npy
3517142.png,3517142.npy
3519142.png,3519142.npy
3520142.png,3520142.npy
3521142.png,3521142.npy
3522142.png,3522142.npy
3524142.png,3524142.npy
3525142.png,3525142.npy
3526142.png,3526142.npy
3527142.png,3527142.npy
3528142.png,3528142.npy
3529142.png,3529142.npy
3530142.png,3530142.npy
3531142.png,3531142.npy
3532142.png,3532142.npy
3533142.png,3533142.npy
3535142.png,3535142.npy
3536142.png,3536142.npy
3537142.png,3537142.npy
3538142.png,3538142.npy
3539142.png,3539142.npy
3540142.png,3540142.npy
3541142.png,3541142.npy
3542142.png,3542142.npy
3543142.png,3543142.npy
3544142.png,3544142.npy
3545142.png,3545142.npy
3546142.png,3546142.npy
3547142.png,3547142.npy
3548142.png,3548142.npy
3549142.png,3549142.npy
3550142.png,3550142.npy
3551142.png,3551142.npy
3552142.png,3552142.npy
3554142.png,3554142.npy
3555142.png,3555142.npy
3556142.png,3556142.npy
3557142.png,3557142.npy
3558142.png,3558142.npy
3559143.png,3559143.npy
3560143.png,3560143.npy
3562143.png,3562143.npy
3563143.png,3563143.npy
3564143.png,3564143.npy
3567143.png,3567143.npy
3568143.png,3568143.npy
3569143.png,3569143.npy
3570143.png,3570143.npy
3571143.png,3571143.npy
3572143.png,3572143.npy
3573143.png,3573143.npy
3574143.png,3574143.npy
3575143.png,3575143.npy
3576143.png,3576143.npy
3577143.png,3577143.npy
3578143.png,3578143.npy
3580143.png,3580143.npy
3581143.png,3581143.npy
3582143.png,3582143.npy
3583143.png,3583143.npy
3584143.png,3584143.npy
3585143.png,3585143.npy
3587143.png,3587143.npy
3590143.png,3590143.npy
3591143.png,3591143.npy
3593143.png,3593143.npy
3594143.png,3594143.npy
3595143.png,3595143.npy
3597143.png,3597143.npy
3598143.png,3598143.npy
3599143.png,3599143.npy
3600143.png,3600143.npy
3602143.png,3602143.npy
3603143.png,3603143.npy
3604143.png,3604143.npy
3606144.png,3606144.npy
3607144.png,3607144.npy
3608144.png,3608144.npy
3610144.png,3610144.npy
3611144.png,3611144.npy
3612144.png,3612144.npy
3613144.png,3613144.npy
3614144.png,3614144.npy
3615144.png,3615144.npy
3616144.png,3616144.npy
3617144.png,3617144.npy
3618144.png,3618144.npy
3619144.png,3619144.npy
3620144.png,3620144.npy
3621144.png,3621144.npy
3622144.png,3622144.npy
3623144.png,3623144.npy
3624144.png,3624144.npy
3625144.png,3625144.npy
3628144.png,3628144.npy
3629144.png,3629144.npy
3630144.png,3630144.npy
3632144.png,3632144.npy
3634144.png,3634144.npy
3635144.png,3635144.npy
3636144.png,3636144.npy
3637144.png,3637144.npy
3638144.png,3638144.npy
3639144.png,3639144.npy
3640144.png,3640144.npy
3641144.png,3641144.npy
3644144.png,3644144.npy
3645144.png,3645144.npy
3646144.png,3646144.npy
3647144.png,3647144.npy
3648145.png,3648145.npy
3649145.png,3649145.npy
3650145.png,3650145.npy
3651145.png,3651145.npy
3653145.png,3653145.npy
3654145.png,3654145.npy
3655145.png,3655145.npy
3657145.png,3657145.npy
3658145.png,3658145.npy
3661145.png,3661145.npy
3663145.png,3663145.npy
3664145.png,3664145.npy
3665145.png,3665145.npy
3666145.png,3666145.npy
3667145.png,3667145.npy
3668145.png,3668145.npy
3669145.png,3669145.npy
3670145.png,3670145.npy
3671145.png,3671145.npy
3672145.png,3672145.npy
3673145.png,3673145.npy
3674145.png,3674145.npy
3675145.png,3675145.npy
3676145.png,3676145.npy
3678145.png,3678145.npy
3680145.png,3680145.npy
3681146.png,3681146.npy
3682146.png,3682146.npy
3683146.png,3683146.npy
3685146.png,3685146.npy
3686146.png,3686146.npy
3687146.png,3687146.npy
3688146.png,3688146.npy
3689146.png,3689146.npy
3692146.png,3692146.npy
3693146.png,3693146.npy
3694146.png,3694146.npy
3695146.png,3695146.npy
3696146.png,3696146.npy
3697146.png,3697146.npy
3699146.png,3699146.npy
3701146.png,3701146.npy
3702146.png,3702146.npy
3703146.png,3703146.npy
3705146.png,3705146.npy
3706146.png,3706146.npy
3707146.png,3707146.npy
3708146.png,3708146.npy
3710146.png,3710146.npy
3712146.png,3712146.npy
3713146.png,3713146.npy
3714146.png,3714146.npy
3715146.png,3715146.npy
3716146.png,3716146.npy
3717146.png,3717146.npy
3718146.png,3718146.npy
3719146.png,3719146.npy
3721146.png,3721146.npy
3723146.png,3723146.npy
3725147.png,3725147.npy
3726147.png,3726147.npy
3727147.png,3727147.npy
3729147.png,3729147.npy
3730147.png,3730147.npy
3731147.png,3731147.npy
3732147.png,3732147.npy
3733147.png,3733147.npy
3734147.png,3734147.npy
3735147.png,3735147.npy
3737147.png,3737147.npy
3738147.png,3738147.npy
3739147.png,3739147.npy
3740147.png,3740147.npy
3741147.png,3741147.npy
3742147.png,3742147.npy
3743147.png,3743147.npy
3745147.png,3745147.npy
3746147.png,3746147.npy
3747147.png,3747147.npy
3749147.png,3749147.npy
3750147.png,3750147.npy
3751147.png,3751147.npy
3752147.png,3752147.npy
3753147.png,3753147.npy
3754147.png,3754147.npy
3755147.png,3755147.npy
3757148.png,3757148.npy
3759148.png,3759148.npy
3760148.png,3760148.npy
3761148.png,3761148.npy
3763148.png,3763148.npy
3764148.png,3764148.npy
3767148.png,3767148.npy
3768148.png,3768148.npy
3769148.png,3769148.npy
3770148.png,3770148.npy
3773148.png,3773148.npy
3774148.png,3774148.npy
3775148.png,3775148.npy
3776148.png,3776148.npy
3777148.png,3777148.npy
3778148.png,3778148.npy
3779148.png,3779148.npy
3781148.png,3781148.npy
3782148.png,3782148.npy
3784148.png,3784148.npy
3785148.png,3785148.npy
3786148.png,3786148.npy
3787148.png,3787148.npy
3788148.png,3788148.npy
3789148.png,3789148.npy
3792148.png,3792148.npy
3793149.png,3793149.npy
3794149.png,3794149.npy
3795149.png,3795149.npy
3796149.png,3796149.npy
3798149.png,3798149.npy
3799149.png,3799149.npy
3800149.png,3800149.npy
3801149.png,3801149.npy
3802149.png,3802149.npy
3803149.png,3803149.npy
3804149.png,3804149.npy
3805149.png,3805149.npy
3806149.png,3806149.npy
3807149.png,3807149.npy
3808149.png,3808149.npy
3809149.png,3809149.npy
3810149.png,3810149.npy
3811149.png,3811149.npy
3812149.png,3812149.npy
3813149.png,3813149.npy
3815149.png,3815149.npy
3818149.png,3818149.npy
3819149.png,3819149.npy
3820149.png,3820149.npy
3821149.png,3821149.npy
3822149.png,3822149.npy
3823149.png,3823149.npy
3824149.png,3824149.npy
3826150.png,3826150.npy
3827150.png,3827150.npy
3828150.png,3828150.npy
3829150.png,3829150.npy
3830150.png,3830150.npy
3831150.png,3831150.npy
3832150.png,3832150.npy
3834150.png,3834150.npy
3835150.png,3835150.npy
3836150.png,3836150.npy
3837150.png,3837150.npy
3838150.png,3838150.npy
3840150.png,3840150.npy
3841150.png,3841150.npy
3844150.png,3844150.npy
3846150.png,3846150.npy
3847150.png,3847150.npy
3848150.png,3848150.npy
3849150.png,3849150.npy
3850150.png,3850150.npy
3851150.png,3851150.npy
3852150.png,3852150.npy
3853150.png,3853150.npy
3854150.png,3854150.npy
3855150.png,3855150.npy
3856150.png,3856150.npy
3857150.png,3857150.npy
3858150.png,3858150.npy
3859150.png,3859150.npy
3861150.png,3861150.npy
3862150.png,3862150.npy
3864150.png,3864150.npy
3865150.png,3865150.npy
3866151.png,3866151.npy
3867151.png,3867151.npy
3868151.png,3868151.npy
3870151.png,3870151.npy
3871151.png,3871151.npy
3872151.png,3872151.npy
3873151.png,3873151.npy
3874151.png,3874151.npy
3875151.png,3875151.npy
3876151.png,3876151.npy
3877151.png,3877151.npy
3878151.png,3878151.npy
3881151.png,3881151.npy
3882151.png,3882151.npy
3884151.png,3884151.npy
3885151.png,3885151.npy
3886151.png,3886151.npy
3887151.png,3887151.npy
3888151.png,3888151.npy
3889151.png,3889151.npy
3891151.png,3891151.npy
3892151.png,3892151.npy
3893151.png,3893151.npy
3894151.png,3894151.npy
3895151.png,3895151.npy
3896152.png,3896152.npy
3897152.png,3897152.npy
3899152.png,3899152.npy
3901152.png,3901152.npy
3903152.png,3903152.npy
3904152.png,3904152.npy
3905152.png,3905152.npy
3906152.png,3906152.npy
3907152.png,3907152.npy
3908152.png,3908152.npy
3909152.png,3909152.npy
3910152.png,3910152.npy
3911152.png,3911152.npy
3912152.png,3912152.npy
3914152.png,3914152.npy
3915152.png,3915152.npy
3916152.png,3916152.npy
3921152.png,3921152.npy
3922152.png,3922152.npy
3923152.png,3923152.npy
3924152.png,3924152.npy
3925152.png,3925152.npy
3926152.png,3926152.npy
3927152.png,3927152.npy
3928152.png,3928152.npy
3929152.png,3929152.npy
3931153.png,3931153.npy
3932153.png,3932153.npy
3933153.png,3933153.npy
3934153.png,3934153.npy
3935153.png,3935153.npy
3936153.png,3936153.npy
3938153.png,3938153.npy
3939153.png,3939153.npy
3941153.png,3941153.npy
3944153.png,3944153.npy
3945153.png,3945153.npy
3946153.png,3946153.npy
3947153.png,3947153.npy
3948153.png,3948153.npy
3950153.png,3950153.npy
3951153.png,3951153.npy
3952153.png,3952153.npy
3953153.png,3953153.npy
3955153.png,3955153.npy
3957153.png,3957153.npy
3958153.png,3958153.npy
3960153.png,3960153.npy
3961153.png,3961153.npy
3962153.png,3962153.npy
3963153.png,3963153.npy
3964153.png,3964153.npy
3965154.png,3965154.npy
3966154.png,3966154.npy
3967154.png,3967154.npy
3968154.png,3968154.npy
3969154.png,3969154.npy
3970154.png,3970154.npy
3971154.png,3971154.npy
3972154.png,3972154.npy
3973154.png,3973154.npy
3974154.png,3974154.npy
3976154.png,3976154.npy
3977154.png,3977154.npy
3978154.png,3978154.npy
3979154.png,3979154.npy
3980154.png,3980154.npy
3981154.png,3981154.npy
3982154.png,3982154.npy
3983154.png,3983154.npy
3984154.png,3984154.npy
3985154.png,3985154.npy
3986154.png,3986154.npy
3988154.png,3988154.npy
3989154.png,3989154.npy
3990154.png,3990154.npy
3991154.png,3991154.npy
3993154.png,3993154.npy
3994154.png,3994154.npy
3995154.png,3995154.npy
3996154.png,3996154.npy
3997154.png,3997154.npy
3998155.png,3998155.npy
3999155.png,3999155.npy
4000155.png,4000155.npy
4002155.png,4002155.npy
4003155.png,4003155.npy
4004155.png,4004155.npy
4005155.png,4005155.npy
4007155.png,4007155.npy
4008155.png,4008155.npy
4010155.png,4010155.npy
4011156.png,4011156.npy
4012156.png,4012156.npy
4013156.png,4013156.npy
4014156.png,4014156.npy
4015156.png,4015156.npy
4016156.png,4016156.npy
4017156.png,4017156.npy
4019156.png,4019156.npy
4020156.png,4020156.npy
4022156.png,4022156.npy
4023156.png,4023156.npy
4024156.png,4024156.npy
4025156.png,4025156.npy
4026156.png,4026156.npy
4027156.png,4027156.npy
4028156.png,4028156.npy
4029156.png,4029156.npy
4030156.png,4030156.npy
4031156.png,4031156.npy
4032157.png,4032157.npy
4034157.png,4034157.npy
4035157.png,4035157.npy
4036157.png,4036157.npy
4037157.png,4037157.npy
4038157.png,4038157.npy
4039157.png,4039157.npy
4040157.png,4040157.npy
4041157.png,4041157.npy
4042157.png,4042157.npy
4043157.png,4043157.npy
4044157.png,4044157.npy
4045157.png,4045157.npy
4046157.png,4046157.npy
4047157.png,4047157.npy
4049157.png,4049157.npy
4050157.png,4050157.npy
4051157.png,4051157.npy
4052157.png,4052157.npy
4053157.png,4053157.npy
4054157.png,4054157.npy
4055157.png,4055157.npy
4056157.png,4056157.npy
4059157.png,4059157.npy
4060158.png,4060158.npy
4063158.png,4063158.npy
4064158.png,4064158.npy
4065158.png,4065158.npy
4067158.png,4067158.npy
4068158.png,4068158.npy
4070158.png,4070158.npy
4071158.png,4071158.npy
4072158.png,4072158.npy
4073158.png,4073158.npy
4074158.png,4074158.npy
4075158.png,4075158.npy
4079158.png,4079158.npy
4080158.png,4080158.npy
4081158.png,4081158.npy
4082158.png,4082158.npy
4083158.png,4083158.npy
4084158.png,4084158.npy
4085158.png,4085158.npy
4086158.png,4086158.npy
4087158.png,4087158.npy
4088158.png,4088158.npy
4089158.png,4089158.npy
4090158.png,4090158.npy
4091158.png,4091158.npy
4092158.png,4092158.npy
4093159.png,4093159.npy
4094159.png,4094159.npy
4095159.png,4095159.npy
4096159.png,4096159.npy
4097159.png,4097159.npy
4098159.png,4098159.npy
4099159.png,4099159.npy
4100159.png,4100159.npy
4102159.png,4102159.npy
4103159.png,4103159.npy
4105159.png,4105159.npy
4106159.png,4106159.npy
4107159.png,4107159.npy
4108159.png,4108159.npy
4110159.png,4110159.npy
4113159.png,4113159.npy
4114159.png,4114159.npy
4116159.png,4116159.npy
4117159.png,4117159.npy
4119159.png,4119159.npy
4120159.png,4120159.npy
4122159.png,4122159.npy
4126159.png,4126159.npy
4127160.png,4127160.npy
4128160.png,4128160.npy
4129160.png,4129160.npy
4130160.png,4130160.npy
4131160.png,4131160.npy
4132160.png,4132160.npy
4133160.png,4133160.npy
4134160.png,4134160.npy
4135160.png,4135160.npy
4137160.png,4137160.npy
4138160.png,4138160.npy
4139160.png,4139160.npy
4140160.png,4140160.npy
4141160.png,4141160.npy
4142160.png,4142160.npy
4144160.png,4144160.npy
4145160.png,4145160.npy
4146160.png,4146160.npy
4148160.png,4148160.npy
4149160.png,4149160.npy
4150160.png,4150160.npy
4151160.png,4151160.npy
4152161.png,4152161.npy
4153161.png,4153161.npy
4154161.png,4154161.npy
4155161.png,4155161.npy
4156161.png,4156161.npy
4157161.png,4157161.npy
4159161.png,4159161.npy
4161161.png,4161161.npy
4162161.png,4162161.npy
4163161.png,4163161.npy
4166161.png,4166161.npy
4167161.png,4167161.npy
4168161.png,4168161.npy
4169161.png,4169161.npy
4170161.png,4170161.npy
4171161.png,4171161.npy
4172161.png,4172161.npy
4173161.png,4173161.npy
4174161.png,4174161.npy
4175161.png,4175161.npy
4176161.png,4176161.npy
4177161.png,4177161.npy
4179161.png,4179161.npy
4180162.png,4180162.npy
4181162.png,4181162.npy
4182162.png,4182162.npy
4183162.png,4183162.npy
4184162.png,4184162.npy
4185162.png,4185162.npy
4187162.png,4187162.npy
4189162.png,4189162.npy
4190162.png,4190162.npy
4191162.png,4191162.npy
4192162.png,4192162.npy
4194162.png,4194162.npy
4195162.png,4195162.npy
4196162.png,4196162.npy
4197162.png,4197162.npy
4198162.png,4198162.npy
4201163.png,4201163.npy
4202163.png,4202163.npy
4204163.png,4204163.npy
4206163.png,4206163.npy
4207163.png,4207163.npy
4208163.png,4208163.npy
4209163.png,4209163.npy
4210163.png,4210163.npy
4211163.png,4211163.npy
4212163.png,4212163.npy
4213163.png,4213163.npy
4214163.png,4214163.npy
4216163.png,4216163.npy
4217163.png,4217163.npy
4218163.png,4218163.npy
4219163.png,4219163.npy
4220163.png,4220163.npy
4222164.png,4222164.npy
4223164.png,4223164.npy
4224164.png,4224164.npy
4225164.png,4225164.npy
4226164.png,4226164.npy
4227164.png,4227164.npy
4228164.png,4228164.npy
4229164.png,4229164.npy
4231164.png,4231164.npy
4232164.png,4232164.npy
4236164.png,4236164.npy
4237164.png,4237164.npy
4238164.png,4238164.npy
4239164.png,4239164.npy
4240165.png,4240165.npy
4241165.png,4241165.npy
4242165.png,4242165.npy
4243165.png,4243165.npy
4244165.png,4244165.npy
4245165.png,4245165.npy
4246165.png,4246165.npy
4248165.png,4248165.npy
4249165.png,4249165.npy
4250165.png,4250165.npy
4251165.png,4251165.npy
4253165.png,4253165.npy
4254165.png,4254165.npy
4256165.png,4256165.npy
4257166.png,4257166.npy
4258166.png,4258166.npy
4259166.png,4259166.npy
4260166.png,4260166.npy
4261166.png,4261166.npy
4262166.png,4262166.npy
4263166.png,4263166.npy
4265166.png,4265166.npy
4266166.png,4266166.npy
4269166.png,4269166.npy
4270166.png,4270166.npy
4272166.png,4272166.npy
4273166.png,4273166.npy
4274166.png,4274166.npy
4275167.png,4275167.npy
4276167.png,4276167.npy
4277167.png,4277167.npy
4278167.png,4278167.npy
4282167.png,4282167.npy
4283167.png,4283167.npy
4284167.png,4284167.npy
4286167.png,4286167.npy
4287167.png,4287167.npy
4288168.png,4288168.npy
4289168.png,4289168.npy
4290168.png,4290168.npy
4291168.png,4291168.npy
4293168.png,4293168.npy
4296168.png,4296168.npy
4297168.png,4297168.npy
4298168.png,4298168.npy
4299168.png,4299168.npy
4300168.png,4300168.npy
4301168.png,4301168.npy
4302168.png,4302168.npy
4303168.png,4303168.npy
4304168.png,4304168.npy
4305168.png,4305168.npy
4306168.png,4306168.npy
4307168.png,4307168.npy
4308169.png,4308169.npy
4309169.png,4309169.npy
4310169.png,4310169.npy
4311169.png,4311169.npy
4312169.png,4312169.npy
4313169.png,4313169.npy
4314169.png,4314169.npy
4315169.png,4315169.npy
4317170.png,4317170.npy
4318170.png,4318170.npy
4320170.png,4320170.npy
4321170.png,4321170.npy
4322170.png,4322170.npy
4323170.png,4323170.npy
4324170.png,4324170.npy
4326170.png,4326170.npy
4327170.png,4327170.npy
4331170.png,4331170.npy
4333170.png,4333170.npy
4334171.png,4334171.npy
4335171.png,4335171.npy
4336171.png,4336171.npy
4337171.png,4337171.npy
4338171.png,4338171.npy
4339171.png,4339171.npy
4340171.png,4340171.npy
4341171.png,4341171.npy
4342171.png,4342171.npy
4344172.png,4344172.npy
4345172.png,4345172.npy
4346172.png,4346172.npy
4347172.png,4347172.npy
4348172.png,4348172.npy
4349172.png,4349172.npy
4350172.png,4350172.npy
4353173.png,4353173.npy
4355173.png,4355173.npy
4356173.png,4356173.npy
4357173.png,4357173.npy
4358173.png,4358173.npy
4359173.png,4359173.npy
4360173.png,4360173.npy
4363173.png,4363173.npy
4364174.png,4364174.npy
4365174.png,4365174.npy
4366174.png,4366174.npy
4367175.png,4367175.npy
4368174.png,4368174.npy
4369174.png,4369174.npy
4373177.png,4373177.npy
4374178.png,4374178.npy
4375179.png,4375179.npy
4376179.png,4376179.npy
4377179.png,4377179.npy
4379180.png,4379180.npy
4385187.png,4385187.npy
4386185.png,4386185.npy
4387186.png,4387186.npy
4388186.png,4388186.npy
4389187.png,4389187.npy
4391020.png,4391020.npy
4393020.png,4393020.npy
4394020.png,4394020.npy
4396021.png,4396021.npy
4397021.png,4397021.npy
4398021.png,4398021.npy
4399021.png,4399021.npy
4400022.png,4400022.npy
4401022.png,4401022.npy
4402022.png,4402022.npy
4403022.png,4403022.npy
4404022.png,4404022.npy
4405023.png,4405023.npy
4406023.png,4406023.npy
4407023.png,4407023.npy
4409023.png,4409023.npy
4411023.png,4411023.npy
4412023.png,4412023.npy
4413023.png,4413023.npy
4416023.png,4416023.npy
4417023.png,4417023.npy
4418023.png,4418023.npy
4421023.png,4421023.npy
4422023.png,4422023.npy
4423024.png,4423024.npy
4424024.png,4424024.npy
4425024.png,4425024.npy
4426024.png,4426024.npy
4427024.png,4427024.npy
4429024.png,4429024.npy
4430024.png,4430024.npy
4431024.png,4431024.npy
4432024.png,4432024.npy
4433024.png,4433024.npy
4434024.png,4434024.npy
4435024.png,4435024.npy
4437024.png,4437024.npy
4438024.png,4438024.npy
4439024.png,4439024.npy
4442024.png,4442024.npy
4444025.png,4444025.npy
4445025.png,4445025.npy
4446025.png,4446025.npy
4447025.png,4447025.npy
4448025.png,4448025.npy
4449025.png,4449025.npy
4450025.png,4450025.npy
4451025.png,4451025.npy
4452025.png,4452025.npy
4453025.png,4453025.npy
4454025.png,4454025.npy
4455025.png,4455025.npy
4456025.png,4456025.npy
4457025.png,4457025.npy
4459025.png,4459025.npy
4461025.png,4461025.npy
4462025.png,4462025.npy
4463025.png,4463025.npy
4464025.png,4464025.npy
4465025.png,4465025.npy
4466025.png,4466025.npy
4469025.png,4469025.npy
4470025.png,4470025.npy
4471025.png,4471025.npy
4474025.png,4474025.npy
4475025.png,4475025.npy
4476025.png,4476025.npy
4478025.png,4478025.npy
4479025.png,4479025.npy
4481025.png,4481025.npy
4482026.png,4482026.npy
4484026.png,4484026.npy
4486026.png,4486026.npy
4487026.png,4487026.npy
4488026.png,4488026.npy
4490026.png,4490026.npy
4491026.png,4491026.npy
4492026.png,4492026.npy
4493026.png,4493026.npy
4494026.png,4494026.npy
4495026.png,4495026.npy
4496026.png,4496026.npy
4497026.png,4497026.npy
4498026.png,4498026.npy
4499026.png,4499026.npy
4500026.png,4500026.npy
4501026.png,4501026.npy
4502026.png,4502026.npy
4503026.png,4503026.npy
4504026.png,4504026.npy
4505026.png,4505026.npy
4507026.png,4507026.npy
4508026.png,4508026.npy
4509026.png,4509026.npy
4510026.png,4510026.npy
4512026.png,4512026.npy
4513026.png,4513026.npy
4514026.png,4514026.npy
4515026.png,4515026.npy
4516026.png,4516026.npy
4517026.png,4517026.npy
4519026.png,4519026.npy
4520026.png,4520026.npy
4522026.png,4522026.npy
4523026.png,4523026.npy
4524026.png,4524026.npy
4526026.png,4526026.npy
4527026.png,4527026.npy
4528027.png,4528027.npy
4529027.png,4529027.npy
4530027.png,4530027.npy
4531027.png,4531027.npy
4532027.png,4532027.npy
4533026.png,4533026.npy
4534026.png,4534026.npy
4535026.png,4535026.npy
4536026.png,4536026.npy
4537026.png,4537026.npy
4538026.png,4538026.npy
4539027.png,4539027.npy
4540027.png,4540027.npy
4541027.png,4541027.npy
4542027.png,4542027.npy
4543027.png,4543027.npy
4544027.png,4544027.npy
4545027.png,4545027.npy
4547027.png,4547027.npy
4548027.png,4548027.npy
4549027.png,4549027.npy
4550027.png,4550027.npy
4551027.png,4551027.npy
4552027.png,4552027.npy
4553027.png,4553027.npy
4554027.png,4554027.npy
4555027.png,4555027.npy
4556027.png,4556027.npy
4557027.png,4557027.npy
4559027.png,4559027.npy
4560027.png,4560027.npy
4561027.png,4561027.npy
4562027.png,4562027.npy
4563027.png,4563027.npy
4564027.png,4564027.npy
4566027.png,4566027.npy
4567027.png,4567027.npy
4569027.png,4569027.npy
4570027.png,4570027.npy
4571027.png,4571027.npy
4572027.png,4572027.npy
4574027.png,4574027.npy
4575027.png,4575027.npy
4576027.png,4576027.npy
4577027.png,4577027.npy
4578027.png,4578027.npy
4579027.png,4579027.npy
4582028.png,4582028.npy
4583028.png,4583028.npy
4584028.png,4584028.npy
4585028.png,4585028.npy
4586028.png,4586028.npy
4587028.png,4587028.npy
4588028.png,4588028.npy
4589028.png,4589028.npy
4590028.png,4590028.npy
4591028.png,4591028.npy
4592028.png,4592028.npy
4593028.png,4593028.npy
4594028.png,4594028.npy
4595028.png,4595028.npy
4596028.png,4596028.npy
4597028.png,4597028.npy
4599028.png,4599028.npy
4600028.png,4600028.npy
4603028.png,4603028.npy
4604028.png,4604028.npy
4606028.png,4606028.npy
4607028.png,4607028.npy
4608028.png,4608028.npy
4609028.png,4609028.npy
4611028.png,4611028.npy
4612028.png,4612028.npy
4613028.png,4613028.npy
4615028.png,4615028.npy
4616028.png,4616028.npy
4617028.png,4617028.npy
4618028.png,4618028.npy
4620028.png,4620028.npy
4621028.png,4621028.npy
4622028.png,4622028.npy
4623028.png,4623028.npy
4624028.png,4624028.npy
4627029.png,4627029.npy
4628029.png,4628029.npy
4629029.png,4629029.npy
4630029.png,4630029.npy
4631029.png,4631029.npy
4632029.png,4632029.npy
4633029.png,4633029.npy
4635029.png,4635029.npy
4636029.png,4636029.npy
4638029.png,4638029.npy
4639029.png,4639029.npy
4640029.png,4640029.npy
4641029.png,4641029.npy
4642029.png,4642029.npy
4643029.png,4643029.npy
4645029.png,4645029.npy
4646029.png,4646029.npy
4648029.png,4648029.npy
4649029.png,4649029.npy
4650029.png,4650029.npy
4651029.png,4651029.npy
4652029.png,4652029.npy
4653029.png,4653029.npy
4654029.png,4654029.npy
4655029.png,4655029.npy
4656029.png,4656029.npy
4657029.png,4657029.npy
4658029.png,4658029.npy
4659029.png,4659029.npy
4661029.png,4661029.npy
4662029.png,4662029.npy
4663029.png,4663029.npy
4664029.png,4664029.npy
4665029.png,4665029.npy
4666029.png,4666029.npy
4667029.png,4667029.npy
4668029.png,4668029.npy
4669029.png,4669029.npy
4672029.png,4672029.npy
4674029.png,4674029.npy
4675029.png,4675029.npy
4677029.png,4677029.npy
4678029.png,4678029.npy
4680029.png,4680029.npy
4681029.png,4681029.npy
4682029.png,4682029.npy
4683029.png,4683029.npy
4684029.png,4684029.npy
4685029.png,4685029.npy
4687029.png,4687029.npy
4688029.png,4688029.npy
4689030.png,4689030.npy
4690030.png,4690030.npy
4693030.png,4693030.npy
4694030.png,4694030.npy
4695030.png,4695030.npy
4696030.png,4696030.npy
4697030.png,4697030.npy
4698030.png,4698030.npy
4699030.png,4699030.npy
4700030.png,4700030.npy
4702030.png,4702030.npy
4703030.png,4703030.npy
4704030.png,4704030.npy
4705030.png,4705030.npy
4706030.png,4706030.npy
4707030.png,4707030.npy
4708030.png,4708030.npy
4709030.png,4709030.npy
4710030.png,4710030.npy
4712030.png,4712030.npy
4713030.png,4713030.npy
4714030.png,4714030.npy
4715030.png,4715030.npy
4716030.png,4716030.npy
4717030.png,4717030.npy
4718030.png,4718030.npy
4719030.png,4719030.npy
4720030.png,4720030.npy
4721030.png,4721030.npy
4725030.png,4725030.npy
4726030.png,4726030.npy
4727030.png,4727030.npy
4728030.png,4728030.npy
4729030.png,4729030.npy
4730030.png,4730030.npy
4731031.png,4731031.npy
4733031.png,4733031.npy
4734031.png,4734031.npy
4735031.png,4735031.npy
4736031.png,4736031.npy
4737031.png,4737031.npy
4738031.png,4738031.npy
4740031.png,4740031.npy
4742031.png,4742031.npy
4744031.png,4744031.npy
4746031.png,4746031.npy
4748031.png,4748031.npy
4749031.png,4749031.npy
4751031.png,4751031.npy
4753031.png,4753031.npy
4754031.png,4754031.npy
4755031.png,4755031.npy
4756031.png,4756031.npy
4758031.png,4758031.npy
4760031.png,4760031.npy
4761031.png,4761031.npy
4762031.png,4762031.npy
4763031.png,4763031.npy
4764031.png,4764031.npy
4768031.png,4768031.npy
4769032.png,4769032.npy
4771032.png,4771032.npy
4774032.png,4774032.npy
4775032.png,4775032.npy
4778032.png,4778032.npy
4780032.png,4780032.npy
4781032.png,4781032.npy
4782032.png,4782032.npy
4783032.png,4783032.npy
4784032.png,4784032.npy
4785032.png,4785032.npy
4786032.png,4786032.npy
4787032.png,4787032.npy
4788032.png,4788032.npy
4789032.png,4789032.npy
4790032.png,4790032.npy
4791032.png,4791032.npy
4792032.png,4792032.npy
4793032.png,4793032.npy
4794032.png,4794032.npy
4795032.png,4795032.npy
4797032.png,4797032.npy
4798032.png,4798032.npy
4799032.png,4799032.npy
4800032.png,4800032.npy
4801032.png,4801032.npy
4802032.png,4802032.npy
4803032.png,4803032.npy
4806032.png,4806032.npy
4807032.png,4807032.npy
4808032.png,4808032.npy
4809032.png,4809032.npy
4810032.png,4810032.npy
4811033.png,4811033.npy
4812033.png,4812033.npy
4814033.png,4814033.npy
4815033.png,4815033.npy
4816033.png,4816033.npy
4817033.png,4817033.npy
4818033.png,4818033.npy
4819033.png,4819033.npy
4820033.png,4820033.npy
4821033.png,4821033.npy
4822033.png,4822033.npy
4823033.png,4823033.npy
4826033.png,4826033.npy
4827033.png,4827033.npy
4829033.png,4829033.npy
4831033.png,4831033.npy
4832033.png,4832033.npy
4834033.png,4834033.npy
4835033.png,4835033.npy
4836033.png,4836033.npy
4837033.png,4837033.npy
4838033.png,4838033.npy
4839033.png,4839033.npy
4840033.png,4840033.npy
4841034.png,4841034.npy
4842034.png,4842034.npy
4843034.png,4843034.npy
4844034.png,4844034.npy
4845034.png,4845034.npy
4846034.png,4846034.npy
4847034.png,4847034.npy
4849034.png,4849034.npy
4851034.png,4851034.npy
4853034.png,4853034.npy
4854034.png,4854034.npy
4855034.png,4855034.npy
4856034.png,4856034.npy
4857034.png,4857034.npy
4859034.png,4859034.npy
4860034.png,4860034.npy
4861034.png,4861034.npy
4863034.png,4863034.npy
4864034.png,4864034.npy
4867034.png,4867034.npy
4868034.png,4868034.npy
4869034.png,4869034.npy
4870034.png,4870034.npy
4872034.png,4872034.npy
4874034.png,4874034.npy
4875034.png,4875034.npy
4876034.png,4876034.npy
4877034.png,4877034.npy
4878034.png,4878034.npy
4879035.png,4879035.npy
4881035.png,4881035.npy
4882035.png,4882035.npy
4884035.png,4884035.npy
4885035.png,4885035.npy
4888035.png,4888035.npy
4891035.png,4891035.npy
4892035.png,4892035.npy
4893035.png,4893035.npy
4894035.png,4894035.npy
4895035.png,4895035.npy
4896035.png,4896035.npy
4897035.png,4897035.npy
4899035.png,4899035.npy
4900035.png,4900035.npy
4901035.png,4901035.npy
4902035.png,4902035.npy
4903035.png,4903035.npy
4904035.png,4904035.npy
4905035.png,4905035.npy
4906035.png,4906035.npy
4908035.png,4908035.npy
4909035.png,4909035.npy
4910035.png,4910035.npy
4911035.png,4911035.npy
4912035.png,4912035.npy
4913035.png,4913035.npy
4914035.png,4914035.npy
4915035.png,4915035.npy
4916036.png,4916036.npy
4917036.png,4917036.npy
4918036.png,4918036.npy
4919036.png,4919036.npy
4920036.png,4920036.npy
4921036.png,4921036.npy
4922036.png,4922036.npy
4923036.png,4923036.npy
4924036.png,4924036.npy
4925036.png,4925036.npy
4926036.png,4926036.npy
4927036.png,4927036.npy
4928036.png,4928036.npy
4929036.png,4929036.npy
4931036.png,4931036.npy
4935036.png,4935036.npy
4936036.png,4936036.npy
4937036.png,4937036.npy
4938036.png,4938036.npy
4939036.png,4939036.npy
4940036.png,4940036.npy
4941037.png,4941037.npy
4942037.png,4942037.npy
4943037.png,4943037.npy
4945037.png,4945037.npy
4946037.png,4946037.npy
4947037.png,4947037.npy
4948037.png,4948037.npy
4949037.png,4949037.npy
4950037.png,4950037.npy
4951037.png,4951037.npy
4952037.png,4952037.npy
4954037.png,4954037.npy
4955037.png,4955037.npy
4956037.png,4956037.npy
4957037.png,4957037.npy
4958037.png,4958037.npy
4961037.png,4961037.npy
4963037.png,4963037.npy
4964037.png,4964037.npy
4965037.png,4965037.npy
4967037.png,4967037.npy
4968038.png,4968038.npy
4969038.png,4969038.npy
4970038.png,4970038.npy
4971038.png,4971038.npy
4972038.png,4972038.npy
4973038.png,4973038.npy
4974038.png,4974038.npy
4975038.png,4975038.npy
4976038.png,4976038.npy
4977038.png,4977038.npy
4978038.png,4978038.npy
4979038.png,4979038.npy
4980038.png,4980038.npy
4981038.png,4981038.npy
4983038.png,4983038.npy
4984038.png,4984038.npy
4985038.png,4985038.npy
4986038.png,4986038.npy
4987038.png,4987038.npy
4988039.png,4988039.npy
4989039.png,4989039.npy
4990039.png,4990039.npy
4992039.png,4992039.npy
4993039.png,4993039.npy
4994039.png,4994039.npy
4995039.png,4995039.npy
4996039.png,4996039.npy
4997039.png,4997039.npy
